Basic_data_and_indicators,,,,Units,Notes,1995,1996,1997,1998,1999,2000,2001,2002,2003,2004,2005,2006,2007,2008,2009,2010,2011,2012,2013,2014,2015,2016,2017,2018,2019,2020,2021
AFGHANISTAN,,,,,,,,,,,,,,,,,,,,,,,,,,,,,,,,
,Total_departures,,,Thousands,,..,..,..,..,..,..,..,..,..,..,..,..,..,..,..,..,..,..,..,..,..,..,..,..,..,..,..
,,Overnights visitors (tourists),,Thousands,,..,..,..,..,..,..,..,..,..,..,..,..,..,..,..,..,..,..,..,..,..,..,..,..,..,..,..
,,Same-day visitors (excursionists),,Thousands,,..,..,..,..,..,..,..,..,..,..,..,..,..,..,..,..,..,..,..,..,..,..,..,..,..,..,..
ALBANIA,,,,,,,,,,,,,,,,,,,,,,,,,,,,,,,,
,Total_departures,,,Thousands,,..,..,..,..,..,..,955,1303,1350,1694,2097,2616,2979,3716,3404,3443,4120,3959,3928,4146,4504,4852,5186,5415,5922,2907,4191
,,Overnights visitors (tourists),,Thousands,,..,..,..,..,..,..,..,..,..,..,..,..,..,..,..,..,..,..,..,..,..,..,..,..,..,..,..
,,Same-day visitors (excursionists),,Thousands,,..,..,..,..,..,..,..,..,..,..,..,..,..,..,..,..,..,..,..,..,..,..,..,..,..,..,..
ALGERIA,,,,,,,,,,,,,,,,,,,,,,,,,,,,,,,,
,Total_departures,,,Thousands,,..,..,..,..,..,..,..,..,..,..,..,..,..,..,..,..,..,..,..,..,..,..,..,..,..,..,..
,,Overnights visitors (tourists),,Thousands,,1090,874,827,879,903,1006,1190,1257,1254,1417,1513,1349,1499,1539,1677,1757,1715,1911,2136,2839,3638,4530,5058,5610,5732,1386,344
,,Same-day visitors (excursionists),,Thousands,,..,..,..,..,..,..,..,..,..,..,..,..,..,..,..,..,..,..,..,..,..,..,..,..,..,..,..
AMERICAN SAMOA,,,,,,,,,,,,,,,,,,,,,,,,,,,,,,,,
,Total_departures,,,Thousands,,..,..,..,..,..,..,..,..,..,..,..,..,..,..,..,..,..,..,..,..,..,..,..,..,..,..,..
,,Overnights visitors (tourists),,Thousands,,..,..,..,..,..,..,..,..,..,..,..,..,..,..,..,..,..,..,..,..,..,..,..,..,..,..,..
,,Same-day visitors (excursionists),,Thousands,,..,..,..,..,..,..,..,..,..,..,..,..,..,..,..,..,..,..,..,..,..,..,..,..,..,..,..
ANDORRA,,,,,,,,,,,,,,,,,,,,,,,,,,,,,,,,
,Total_departures,,,Thousands,,..,..,..,..,..,..,..,..,..,..,..,..,..,..,..,..,..,..,..,..,..,..,..,..,..,..,..
,,Overnights visitors (tourists),,Thousands,,..,..,..,..,..,..,..,..,..,..,..,..,..,..,..,..,..,..,..,..,..,..,..,..,..,..,..
,,Same-day visitors (excursionists),,Thousands,,..,..,..,..,..,..,..,..,..,..,..,..,..,..,..,..,..,..,..,..,..,..,..,..,..,..,..
ANGOLA,,,,,,,,,,,,,,,,,,,,,,,,,,,,,,,,
,Total_departures,,,Thousands,,..,..,..,..,..,..,..,..,..,..,..,..,..,..,..,..,..,..,..,..,..,..,..,..,..,..,..
,,Overnights visitors (tourists),,Thousands,,3,3,..,..,..,..,..,..,..,..,..,..,..,..,..,..,..,..,..,..,..,..,..,..,..,..,..
,,Same-day visitors (excursionists),,Thousands,,..,..,..,..,..,..,..,..,..,..,..,..,..,..,..,..,..,..,..,..,..,..,..,..,..,..,..
ANGUILLA,,,,,,,,,,,,,,,,,,,,,,,,,,,,,,,,
,Total_departures,,,Thousands,,..,..,..,..,..,..,..,..,..,..,..,..,..,..,..,..,..,..,..,..,..,..,..,..,..,..,..
,,Overnights visitors (tourists),,Thousands,,..,..,..,..,..,..,..,..,..,..,..,..,..,..,..,..,..,..,..,..,..,..,..,..,..,..,..
,,Same-day visitors (excursionists),,Thousands,,..,..,..,..,..,..,..,..,..,..,..,..,..,..,..,..,..,..,..,..,..,..,..,..,..,..,..
ANTIGUA AND BARBUDA,,,,,,,,,,,,,,,,,,,,,,,,,,,,,,,,
,Total_departures,,,Thousands,,..,..,..,..,..,..,..,..,..,..,..,..,..,..,..,..,..,..,..,..,..,..,..,..,..,..,..
,,Overnights visitors (tourists),,Thousands,,..,..,..,..,..,..,..,..,..,..,..,..,..,..,..,..,..,..,..,..,..,..,..,..,..,..,..
,,Same-day visitors (excursionists),,Thousands,,..,..,..,..,..,..,..,..,..,..,..,..,..,..,..,..,..,..,..,..,..,..,..,..,..,..,..
ARGENTINA,,,,,,,,,,,,,,,,,,,,,,,,,,,,,,,,
,Total_departures,,,Thousands,,..,..,..,..,..,..,..,..,..,4436,4481,4533,4928,5425,5793,6083,7676,8295,9844,10022,13159,18645,21583,18411,15352,4087,1074
,,Overnights visitors (tourists),,Thousands,,3815,4296,4517,4592,4786,4953,4762,3008,3088,3904,3894,3892,4167,4614,4981,5307,6686,7266,6746,6517,7807,10417,12213,11130,9114,2841,833
,,Same-day visitors (excursionists),,Thousands,,..,..,..,..,..,..,..,..,..,532,587,641,761,811,812,776,990,1029,3098,3505,5352,8228,9370,7281,6238,1246,241
ARMENIA,,,,,,,,,,,,,,,,,,,,,,,,,,,,,,,,
,Total_departures,,,Thousands,,..,..,..,..,..,..,..,..,..,..,..,..,..,..,..,..,..,..,..,..,..,..,..,..,..,..,..
,,Overnights visitors (tourists),,Thousands,,..,..,..,..,..,111,110,131,169,221,269,329,468,516,526,563,715,965,1083,1198,1187,1263,1482,1623,1868,346,..
,,Same-day visitors (excursionists),,Thousands,,..,..,..,..,..,..,..,..,..,..,..,..,..,..,..,..,..,..,..,..,..,..,..,..,..,..,..
ARUBA,,,,,,,,,,,,,,,,,,,,,,,,,,,,,,,,
,,,,,,,,,,,,,,,,,,,,,,,,,,,,,,,,
,Total_departures,,,Thousands,,..,..,..,..,..,..,..,..,..,..,..,..,..,..,..,..,..,..,..,..,..,..,..,..,..,..,..
,,Overnights visitors (tourists),,Thousands,,..,..,..,..,..,..,..,..,..,..,..,..,..,..,..,..,..,..,..,..,..,..,..,..,..,..,..
,,Same-day visitors (excursionists),,Thousands,,..,..,..,..,..,..,..,..,..,..,..,..,..,..,..,..,..,..,..,..,..,..,..,..,..,..,..
AUSTRALIA,,,,,,,,,,,,,,,,,,,,,,,,,,,,,,,,
,,,,,,,,,,,,,,,,,,,,,,,,,,,,,,,,
,Total_departures,,,Thousands,,2519,2732,2933,3161,3210,3498,3443,3461,3388,4369,4756,4941,5462,5808,6276,7103,7788,8212,9052,9480,9810,10390,10932,11403,11624,2832,301
,,Overnights visitors (tourists),,Thousands,,..,..,..,..,..,..,..,..,..,..,..,..,..,..,..,..,..,..,..,..,..,..,..,..,..,..,..
,,Same-day visitors (excursionists),,Thousands,,..,..,..,..,..,..,..,..,..,..,..,..,..,..,..,..,..,..,..,..,..,..,..,..,..,..,..
AUSTRIA,,,,,,,,,,,,,,,,,,,,,,,,,,,,,,,,
,Total_departures,,,Thousands,,..,..,..,..,..,..,..,..,..,..,..,..,..,..,..,..,..,..,..,..,..,..,..,..,..,..,..
,,Overnights visitors (tourists),,Thousands,1/,..,..,..,..,..,7528,8350,8266,8384,8371,8206,10042,9876,9677,10121,9882,9874,10960,10671,10994,10628,11534,11491,11043,11902,3964,7522
,,Same-day visitors (excursionists),,Thousands,,..,..,..,..,..,..,..,..,..,..,..,..,..,..,..,..,..,..,..,..,..,..,..,..,..,..,..
AZERBAIJAN,,,,,,,,,,,,,,,,,,,,,,,,,,,,,,,,
,Total_departures,,,Thousands,,..,432,654,1146,1204,1326,1130,1141,1475,1473,1830,1836,1631,2162,2363,3176,3550,3874,4285,4244,4096,4282,4109,4908,5568,1165,975
,,Overnights visitors (tourists),,Thousands,,..,..,..,..,..,..,..,..,..,..,887,890,791,1048,1145,1820,2308,2829,3307,3319,3256,3592,3447,3919,4579,..,..
,,Same-day visitors (excursionists),,Thousands,,..,..,..,..,..,..,..,..,..,..,943,946,840,1114,1217,1356,1242,1045,978,925,840,690,662,989,989,..,..
BAHAMAS,,,,,,,,,,,,,,,,,,,,,,,,,,,,,,,,
,Total_departures,,,Thousands,,..,..,..,..,..,..,..,..,..,..,..,..,..,..,..,..,..,..,..,..,..,..,..,..,..,..,..
,,Overnights visitors (tourists),,Thousands,,..,..,..,..,..,..,..,..,..,..,..,..,..,..,..,..,..,..,..,..,..,..,..,..,..,..,..
,,Same-day visitors (excursionists),,Thousands,,..,..,..,..,..,..,..,..,..,..,..,..,..,..,..,..,..,..,..,..,..,..,..,..,..,..,..
BAHRAIN,,,,,,,,,,,,,,,,,,,,,,,,,,,,,,,,
,Total_departures,,,Thousands,,..,..,..,..,..,..,..,..,..,..,..,..,..,..,..,..,..,..,..,..,4741,3293,3136,2868,2950,752,..
,,Overnights visitors (tourists),,Thousands,,..,..,..,..,..,..,..,..,..,..,..,..,..,..,..,..,..,..,..,..,3676,1842,1744,1520,1550,464,..
,,Same-day visitors (excursionists),,Thousands,,..,..,..,..,..,..,..,..,..,..,..,..,..,..,..,..,..,..,..,..,1064,1451,1392,1348,1400,288,..
BANGLADESH,,,,,,,,,,,,,,,,,,,,,,,,,,,,,,,,
,Total_departures,,,Thousands,,..,..,..,..,..,..,..,..,..,..,..,..,..,..,..,..,..,..,..,..,..,..,..,..,..,..,..
,,Overnights visitors (tourists),,Thousands,,830,911,866,992,1103,1128,1075,1158,1414,1565,1767,1819,2327,875,2254,1913,2127,2273,1460,..,..,..,..,..,..,..,..
,,Same-day visitors (excursionists),,Thousands,,..,..,..,..,..,..,..,..,..,..,..,..,..,..,..,..,..,..,..,..,..,..,..,..,..,..,..
BARBADOS,,,,,,,,,,,,,,,,,,,,,,,,,,,,,,,,
,Total_departures,,,Thousands,,..,..,..,..,..,..,..,..,..,..,..,..,..,..,..,..,..,..,..,..,..,..,..,..,..,..,..
,,Overnights visitors (tourists),,Thousands,,..,..,..,..,..,..,..,..,..,..,..,..,..,..,..,..,..,..,..,..,..,..,..,..,..,..,..
,,Same-day visitors (excursionists),,Thousands,,..,..,..,..,..,..,..,..,..,..,..,..,..,..,..,..,..,..,..,..,..,..,..,..,..,..,..
BELARUS,,,,,,,,,,,,,,,,,,,,,,,,,,,,,,,,
,Total_departures,,,Thousands,,..,..,..,..,..,4747,4008,6160,6518,6924,6596,6811,7512,6323,6440,7464,7542,8427,8841,7236,6972,8340,9209,9326,9221,2810,2616
,,Overnights visitors (tourists),,Thousands,1/,626,703,969,901,934,1289,1387,1436,1108,515,572,525,517,380,316,415,320,493,708,741,671,467,706,836,963,254,477
,,Same-day visitors (excursionists),,Thousands,1/,..,..,..,..,..,..,..,..,..,..,..,..,..,..,..,..,..,..,..,..,68,28,21,15,20,5,2
BELGIUM,,,,,,,,,,,,,,,,,,,,,,,,,,,,,,,,
,Total_departures,,,Thousands,,..,..,..,..,..,..,..,..,..,..,..,..,..,..,..,..,..,..,..,..,..,..,19328,21127,23721,10208,10890
,,Overnights visitors (tourists),,Thousands,,..,5645,7548,7776,6410,7932,6570,6773,7268,8783,9327,7852,8371,8887,8775,8801,9727,9576,10803,10991,10835,13372,14628,15627,17321,7108,8593
,,Same-day visitors (excursionists),,Thousands,,..,..,..,..,..,..,..,..,..,..,..,..,..,..,..,..,..,..,..,..,..,..,4700,5500,6400,3100,2297
BELIZE,,,,,,,,,,,,,,,,,,,,,,,,,,,,,,,,
,Total_departures,,,Thousands,,..,..,..,..,..,..,..,..,..,..,..,..,..,..,..,..,..,..,..,..,..,..,..,..,..,..,..
,,Overnights visitors (tourists),,Thousands,,..,..,..,..,..,..,..,..,..,..,..,..,..,..,..,..,..,..,..,..,..,..,..,..,..,..,..
,,Same-day visitors (excursionists),,Thousands,,..,..,..,..,..,..,..,..,..,..,..,..,..,..,..,..,..,..,..,..,..,..,..,..,..,..,..
BENIN,,,,,,,,,,,,,,,,,,,,,,,,,,,,,,,,
,Total_departures,,,Thousands,,..,..,..,..,..,..,..,..,..,..,..,..,..,..,..,..,..,..,..,..,..,..,..,..,..,..,..
,,Overnights visitors (tourists),,Thousands,,..,..,..,..,..,..,..,..,..,..,..,..,..,..,..,..,..,..,..,..,..,..,..,..,..,..,..
,,Same-day visitors (excursionists),,Thousands,,..,..,..,..,..,..,..,..,..,..,..,..,..,..,..,..,..,..,..,..,..,..,..,..,..,..,..
BERMUDA,,,,,,,,,,,,,,,,,,,,,,,,,,,,,,,,
,Total_departures,,,Thousands,,..,..,..,..,..,..,..,..,..,..,..,..,..,..,..,..,..,..,..,..,..,..,..,..,..,..,..
,,Overnights visitors (tourists),,Thousands,,..,..,..,..,..,..,140,145,141,156,161,170,181,192,..,..,..,..,..,..,..,..,..,..,..,..,..
,,Same-day visitors (excursionists),,Thousands,,..,..,..,..,..,..,..,..,..,..,..,..,..,..,..,..,..,..,..,..,..,..,..,..,..,..,..
BHUTAN,,,,,,,,,,,,,,,,,,,,,,,,,,,,,,,,
,Total_departures,,,Thousands,,..,..,..,..,..,..,..,..,..,..,..,..,..,..,..,..,..,..,..,..,..,..,..,..,72,..,..
,,Overnights visitors (tourists),,Thousands,,..,..,..,..,..,..,..,..,..,..,..,..,..,..,..,..,..,..,..,..,..,..,..,..,41,..,..
,,Same-day visitors (excursionists),,Thousands,,..,..,..,..,..,..,..,..,..,..,..,..,..,..,..,..,..,..,..,..,..,..,..,..,31,..,..
"BOLIVIA, PLURINATIONAL STATE OF",,,,,,,,,,,,,,,,,,,,,,,,,,,,,,,,
,Total_departures,,,Thousands,,..,..,..,..,..,..,..,..,..,..,..,..,..,..,..,..,..,..,..,..,..,..,..,..,..,..,..
,,Overnights visitors (tourists),,Thousands,,249,269,285,299,253,201,222,217,304,346,386,472,526,589,518,604,775,788,837,932,965,940,997,1060,1160,432,376
,,Same-day visitors (excursionists),,Thousands,,..,..,..,..,..,..,..,..,..,..,..,..,..,..,..,..,..,..,..,..,..,..,..,..,..,..,..
BONAIRE,,,,,,,,,,,,,,,,,,,,,,,,,,,,,,,,
,Total_departures,,,Thousands,,..,..,..,..,..,..,..,..,..,..,..,..,..,..,..,..,..,..,..,..,..,..,..,..,..,..,..
,,Overnights visitors (tourists),,Thousands,,..,..,..,..,..,..,..,..,..,..,..,..,..,..,..,..,..,..,..,..,..,..,..,..,..,..,..
,,Same-day visitors (excursionists),,Thousands,,..,..,..,..,..,..,..,..,..,..,..,..,..,..,..,..,..,..,..,..,..,..,..,..,..,..,..
BOSNIA AND HERZEGOVINA,,,,,,,,,,,,,,,,,,,,,,,,,,,,,,,,
,Total_departures,,,Thousands,,..,..,..,..,..,..,..,..,..,..,..,..,..,..,..,..,..,..,..,..,..,..,..,..,..,..,..
,,Overnights visitors (tourists),,Thousands,,..,..,..,..,..,..,..,..,..,..,..,..,..,..,..,..,..,..,..,..,..,..,..,..,..,..,..
,,Same-day visitors (excursionists),,Thousands,,..,..,..,..,..,..,..,..,..,..,..,..,..,..,..,..,..,..,..,..,..,..,..,..,..,..,..
BOTSWANA,,,,,,,,,,,,,,,,,,,,,,,,,,,,,,,,
,,,,,,,,,,,,,,,,,,,,,,,,,,,,,,,,
,Total_departures,,,Thousands,,..,..,..,..,..,..,..,..,..,..,..,..,..,..,..,..,..,..,..,..,..,..,..,..,..,..,..
,,Overnights visitors (tourists),,Thousands,,..,..,..,..,..,..,..,..,..,..,..,..,..,..,..,..,..,..,..,..,..,..,..,..,..,..,..
,,Same-day visitors (excursionists),,Thousands,,..,..,..,..,..,..,..,..,..,..,..,..,..,..,..,..,..,..,..,..,..,..,..,..,..,..,..
BRAZIL,,,,,,,,,,,,,,,,,,,,,,,,,,,,,,,,
,Total_departures,,,Thousands,,..,..,..,..,..,..,..,..,..,..,..,..,..,..,..,..,..,..,..,..,..,..,..,..,..,..,..
,,Overnights visitors (tourists),,Thousands,,2600,3797,4014,4171,2863,3228,2674,2338,3229,2968,3364,3886,4662,5238,4920,6457,7807,8497,8866,9617,9478,8872,10610,10628,..,..,..
,,Same-day visitors (excursionists),,Thousands,,..,..,..,..,..,..,..,..,..,..,..,..,..,..,..,..,..,..,..,..,..,..,..,..,..,..,..
BRITISH VIRGIN ISLANDS,,,,,,,,,,,,,,,,,,,,,,,,,,,,,,,,
,Total_departures,,,Thousands,,..,..,..,..,..,..,..,..,..,..,..,171,166,166,140,151,145,139,..,..,..,..,..,..,..,..,..
,,Overnights visitors (tourists),,Thousands,,79,..,..,..,..,..,..,..,..,..,..,..,..,..,..,..,..,..,..,..,..,..,..,..,..,..,..
,,Same-day visitors (excursionists),,Thousands,,..,..,..,..,..,..,..,..,..,..,..,..,..,..,..,..,..,..,..,..,..,..,..,..,..,..,..
BRUNEI DARUSSALAM,,,,,,,,,,,,,,,,,,,,,,,,,,,,,,,,
,Total_departures,,,Thousands,,..,..,..,..,..,..,..,..,..,..,..,..,..,..,..,..,..,..,..,..,..,..,..,..,..,..,..
,,Overnights visitors (tourists),,Thousands,,..,..,..,..,..,..,..,..,..,..,..,..,..,..,..,..,..,..,..,..,..,..,..,..,..,..,..
,,Same-day visitors (excursionists),,Thousands,,..,..,..,..,..,..,..,..,..,..,..,..,..,..,..,..,..,..,..,..,..,..,..,..,..,..,..
BULGARIA,,,,,,,,,,,,,,,,,,,,,,,,,,,,,,,,
,Total_departures,,,Thousands,,..,..,..,..,..,..,..,..,..,..,..,..,..,..,..,..,..,..,..,..,..,..,..,..,..,3973,5182
,,Overnights visitors (tourists),,Thousands,,3524,3006,3059,2592,2376,2337,2730,3188,3403,3882,4235,4180,4515,5727,4993,3676,3803,3758,3930,4158,4632,5392,6228,6699,7007,3325,4094
,,Same-day visitors (excursionists),,Thousands,,..,..,..,..,..,..,..,..,..,..,..,..,..,..,..,..,..,..,..,..,..,..,..,..,..,648,1088
BURKINA FASO,,,,,,,,,,,,,,,,,,,,,,,,,,,,,,,,
,Total_departures,,,Thousands,,..,..,..,..,..,..,..,..,..,..,..,..,..,..,..,..,..,..,..,..,..,..,..,..,..,..,..
,,Overnights visitors (tourists),,Thousands,,..,..,..,..,..,..,..,..,..,..,..,..,..,..,..,..,..,..,..,..,..,..,..,..,..,..,..
,,Same-day visitors (excursionists),,Thousands,,..,..,..,..,..,..,..,..,..,..,..,..,..,..,..,..,..,..,..,..,..,..,..,..,..,..,..
BURUNDI,,,,,,,,,,,,,,,,,,,,,,,,,,,,,,,,
,Total_departures,,,Thousands,,..,..,..,..,..,..,..,..,..,..,..,..,..,..,..,..,..,..,..,..,..,..,..,..,..,..,..
,,Overnights visitors (tourists),,Thousands,,36,35,10,16,27,28,35,..,..,..,..,..,..,..,..,..,..,..,..,..,..,..,..,..,..,..,..
,,Same-day visitors (excursionists),,Thousands,,..,..,..,..,..,..,..,..,..,..,..,..,..,..,..,..,..,..,..,..,..,..,..,..,..,..,..
CABO VERDE,,,,,,,,,,,,,,,,,,,,,,,,,,,,,,,,
,Total_departures,,,Thousands,,..,..,..,..,..,..,..,..,..,..,..,..,..,..,..,..,..,..,..,..,..,..,..,..,..,..,..
,,Overnights visitors (tourists),,Thousands,,..,..,..,..,..,..,..,..,..,..,..,..,..,..,..,..,..,..,..,..,..,..,..,..,..,..,..
,,Same-day visitors (excursionists),,Thousands,,..,..,..,..,..,..,..,..,..,..,..,..,..,..,..,..,..,..,..,..,..,..,..,..,..,..,..
CAMBODIA,,,,,,,,,,,,,,,,,,,,,,,,,,,,,,,,
,Total_departures,,,Thousands,,..,..,..,..,..,..,..,..,..,..,..,..,..,..,..,..,..,..,..,..,..,..,..,..,..,..,..
,,Overnights visitors (tourists),,Thousands,,31,38,45,41,49,41,37,45,60,239,568,787,996,786,340,505,710,792,872,956,1194,1434,1752,1995,2038,326,31
,,Same-day visitors (excursionists),,Thousands,,..,..,..,..,..,..,..,..,..,..,..,..,..,..,..,..,..,..,..,..,..,..,..,..,..,..,..
CAMEROON,,,,,,,,,,,,,,,,,,,,,,,,,,,,,,,,
,Total_departures,,,Thousands,,..,..,..,..,..,..,..,..,..,..,..,..,..,..,..,..,..,..,..,..,..,..,..,..,..,..,..
,,Overnights visitors (tourists),,Thousands,,..,..,..,..,..,..,..,..,..,..,..,..,..,..,..,..,..,..,..,..,..,..,..,..,..,..,..
,,Same-day visitors (excursionists),,Thousands,,..,..,..,..,..,..,..,..,..,..,..,..,..,..,..,..,..,..,..,..,..,..,..,..,..,..,..
CANADA,,,,,,,,,,,,,,,,,,,,,,,,,,,,,,,,
,Total_departures,,,Thousands,,..,..,..,..,..,..,..,..,..,..,..,46912,50044,51737,47481,53620,61909,65175,65780,63737,55971,52979,54955,38069,37846,6805,..
,,Overnights visitors (tourists),,Thousands,,18206,18973,19111,17648,18368,19182,18359,17705,17739,19595,21099,22731,25163,27034,26204,28680,30450,32276,32971,33518,32267,31278,33060,26033,26614,5047,..
,,Same-day visitors (excursionists),,Thousands,,..,..,..,..,..,..,..,..,..,..,..,24181,24881,24703,21277,24940,31459,32900,32809,30219,23704,21700,21895,12036,11232,1758,..
CAYMAN ISLANDS,,,,,,,,,,,,,,,,,,,,,,,,,,,,,,,,
,Total_departures,,,Thousands,,..,..,..,..,..,..,..,..,..,..,..,..,..,..,..,..,..,..,..,..,..,..,..,..,..,..,..
,,Overnights visitors (tourists),,Thousands,,..,..,..,..,..,..,..,..,..,..,..,..,..,..,..,..,..,..,..,..,..,..,..,..,..,..,..
,,Same-day visitors (excursionists),,Thousands,,..,..,..,..,..,..,..,..,..,..,..,..,..,..,..,..,..,..,..,..,..,..,..,..,..,..,..
CENTRAL AFRICAN REPUBLIC,,,,,,,,,,,,,,,,,,,,,,,,,,,,,,,,
,Total_departures,,,Thousands,,..,..,..,..,..,..,..,..,..,..,..,..,..,..,..,..,..,..,..,..,..,..,..,..,..,..,..
,,Overnights visitors (tourists),,Thousands,,..,..,..,..,..,..,..,5,6,7,8,11,..,..,..,38,..,..,..,..,..,..,..,..,..,..,..
,,Same-day visitors (excursionists),,Thousands,,..,..,..,..,..,..,..,..,..,..,..,..,..,..,..,..,..,..,..,..,..,..,..,..,..,..,..
CHAD,,,,,,,,,,,,,,,,,,,,,,,,,,,,,,,,
,Total_departures,,,Thousands,,..,..,..,..,..,..,..,..,..,..,..,..,..,58,66,39,76,79,..,..,..,56,52,..,..,6,..
,,Overnights visitors (tourists),,Thousands,,..,..,..,..,..,27,40,23,..,..,..,..,..,..,..,..,..,..,..,..,..,..,..,..,..,..,..
,,Same-day visitors (excursionists),,Thousands,,..,..,..,..,..,..,..,..,..,..,..,..,..,..,..,..,..,..,..,..,..,..,..,..,..,..,..
CHILE,,,,,,,,,,,,,,,,,,,,,,,,,,,,,,,,
,Total_departures,,,Thousands,,..,..,..,..,..,1528,1340,1444,1509,1727,2031,2264,2451,2317,2359,2737,3220,3448,3674,3842,4103,4269,4367,4605,4091,1162,..
,,Overnights visitors (tourists),,Thousands,,..,..,..,..,..,1319,1180,1293,1341,1504,1725,1887,2047,1900,1909,2219,2638,2837,2999,3169,3359,3553,3620,3825,3346,963,..
,,Same-day visitors (excursionists),,Thousands,,..,..,..,..,..,209,160,152,169,222,305,376,403,418,450,519,582,611,675,673,744,716,747,780,745,198,..
CHINA,,,,,,,,,,,,,,,,,,,,,,,,,,,,,,,,
,Total_departures,,,Thousands,,..,..,..,..,..,..,..,..,..,..,..,..,..,..,..,..,..,..,..,..,..,..,..,..,..,..,..
,,Overnights visitors (tourists),,Thousands,1/,4520,5061,5324,8426,9232,10473,12133,16602,20222,28853,31026,34524,40954,45844,47656,57386,70250,83182,98185,116593,127860,135130,143035,149720,154632,20334,..
,,Same-day visitors (excursionists),,Thousands,,..,..,..,..,..,..,..,..,..,..,..,..,..,..,..,..,..,..,..,..,..,..,..,..,..,..,..
COLOMBIA,,,,,,,,,,,,,,,,,,,,,,,,,,,,,,,,
,Total_departures,,,Thousands,,..,..,..,..,..,..,..,..,..,..,..,..,..,..,..,..,..,..,..,..,..,..,..,..,..,..,..
,,Overnights visitors (tourists),,Thousands,,1057,929,1071,1093,1098,1235,1381,1277,1177,1405,1553,..,2028,2042,2122,2342,2522,3169,3605,3911,3862,3795,4017,4368,4479,1275,3004
,,Same-day visitors (excursionists),,Thousands,,..,..,..,..,..,..,..,..,..,..,..,..,..,..,..,..,..,..,..,..,..,..,..,..,..,..,..
COMOROS,,,,,,,,,,,,,,,,,,,,,,,,,,,,,,,,
,Total_departures,,,Thousands,,..,..,..,..,..,..,..,..,..,..,..,..,..,..,..,..,..,..,..,..,..,..,..,..,..,..,..
,,Overnights visitors (tourists),,Thousands,,..,..,..,..,..,..,..,..,..,..,..,..,..,..,..,..,..,..,..,..,..,..,..,..,..,..,..
,,Same-day visitors (excursionists),,Thousands,,..,..,..,..,..,..,..,..,..,..,..,..,..,..,..,..,..,..,..,..,..,..,..,..,..,..,..
CONGO,,,,,,,,,,,,,,,,,,,,,,,,,,,,,,,,
,Total_departures,,,Thousands,,..,..,..,..,..,..,..,..,..,..,..,..,..,..,..,..,..,161,180,..,..,..,..,..,..,..,..
,,Overnights visitors (tourists),,Thousands,,..,..,..,..,..,..,..,..,..,..,..,..,..,..,..,..,..,..,..,..,..,..,..,..,..,..,..
,,Same-day visitors (excursionists),,Thousands,,..,..,..,..,..,..,..,..,..,..,..,..,..,..,..,..,..,..,..,..,..,..,..,..,..,..,..
"CONGO, DEMOCRATIC REPUBLIC OF THE",,,,,,,,,,,,,,,,,,,,,,,,,,,,,,,,
,Total_departures,,,Thousands,,..,..,..,..,..,..,..,..,..,..,..,..,..,..,..,..,..,..,..,..,..,..,..,..,..,..,..
,,Overnights visitors (tourists),,Thousands,,..,..,..,50,50,..,..,..,..,..,..,..,..,..,..,..,..,..,..,..,356,424,..,..,..,..,..
,,Same-day visitors (excursionists),,Thousands,,..,..,..,..,..,..,..,..,..,..,..,..,..,..,..,..,..,..,..,..,..,..,..,..,..,..,..
COOK ISLANDS,,,,,,,,,,,,,,,,,,,,,,,,,,,,,,,,
,Total_departures,,,Thousands,,..,..,..,..,..,..,..,..,..,..,..,..,..,..,..,..,..,..,..,..,..,..,..,..,..,..,..
,,Overnights visitors (tourists),,Thousands,,6,7,8,8,8,9,9,9,10,12,13,13,13,13,12,12,13,12,12,12,13,14,13,14,14,4,5
,,Same-day visitors (excursionists),,Thousands,,..,..,..,..,..,..,..,..,..,..,..,..,..,..,..,..,..,..,..,..,..,..,..,..,..,..,..
COSTA RICA,,,,,,,,,,,,,,,,,,,,,,,,,,,,,,,,
,Total_departures,,,Thousands,,..,..,..,..,..,..,..,..,..,..,..,..,..,..,..,..,..,..,..,..,..,..,..,..,..,..,..
,,Overnights visitors (tourists),,Thousands,,273,283,288,330,353,381,361,364,373,425,487,485,577,528,579,662,717,773,790,798,919,1036,1150,1079,1153,324,588
,,Same-day visitors (excursionists),,Thousands,,..,..,..,..,..,..,..,..,..,..,..,..,..,..,..,..,..,..,..,..,..,..,..,..,..,..,..
COTE D´IVOIRE,,,,,,,,,,,,,,,,,,,,,,,,,,,,,,,,
,Total_departures,,,Thousands,,..,..,..,..,..,..,..,..,..,..,..,..,..,..,..,..,..,..,..,..,..,..,..,..,..,..,..
,,Overnights visitors (tourists),,Thousands,,..,..,..,..,..,..,..,..,..,..,..,..,..,..,..,..,..,..,..,..,..,..,..,..,..,..,..
,,Same-day visitors (excursionists),,Thousands,,..,..,..,..,..,..,..,..,..,..,..,..,..,..,..,..,..,..,..,..,..,..,..,..,..,..,..
CROATIA,,,,,,,,,,,,,,,,,,,,,,,,,,,,,,,,
,Total_departures,,,Thousands,,..,..,..,..,..,..,..,..,..,..,..,..,..,4393,4823,..,5526,5159,5444,4638,4355,2581,2597,2980,3500,678,907
,,Overnights visitors (tourists),,Thousands,,..,..,..,..,..,..,..,..,..,..,..,..,..,2357,2497,1873,2880,2680,2927,2763,2578,1615,1923,2058,2255,493,639
,,Same-day visitors (excursionists),,Thousands,,..,..,..,..,..,..,..,..,..,..,..,..,..,2036,2326,..,2646,2479,2517,1875,1777,967,674,922,1245,185,268
CUBA,,,,,,,,,,,,,,,,,,,,,,,,,,,,,,,,
,Total_departures,,,Thousands,,..,..,..,..,..,..,..,..,..,..,..,..,..,..,..,..,..,..,..,..,..,..,..,..,..,..,..
,,Overnights visitors (tourists),,Thousands,1/,72,72,83,94,97,139,121,111,113,124,162,199,194,202,206,251,253,213,286,355,580,385,459,552,650,271,..
,,Same-day visitors (excursionists),,Thousands,,..,..,..,..,..,..,..,..,..,..,..,..,..,..,..,..,..,..,..,..,..,..,..,..,..,..,..
CURAÇAO,,,,,,,,,,,,,,,,,,,,,,,,,,,,,,,,
,Total_departures,,,Thousands,,..,..,..,..,..,..,..,..,..,..,..,..,..,..,..,..,..,..,..,..,..,..,..,..,..,..,..
,,Overnights visitors (tourists),,Thousands,,..,..,..,..,..,..,..,..,..,..,..,..,..,..,..,..,..,..,..,..,..,..,..,..,..,..,..
,,Same-day visitors (excursionists),,Thousands,,..,..,..,..,..,..,..,..,..,..,..,..,..,..,..,..,..,..,..,..,..,..,..,..,..,..,..
CYPRUS,,,,,,,,,,,,,,,,,,,,,,,,,,,,,,,,
,Total_departures,,,Thousands,1/,360,365,422,484,540,588,684,744,737,859,914,932,1081,1210,1172,1246,1209,1194,1115,1209,1119,1268,1407,1446,1578,482,..
,,Overnights visitors (tourists),,Thousands,,..,..,..,..,..,..,..,..,..,..,..,..,..,..,..,..,..,..,..,..,..,..,..,..,..,..,..
,,Same-day visitors (excursionists),,Thousands,,..,..,..,..,..,..,..,..,..,..,..,..,..,..,..,..,..,..,..,..,..,..,..,..,..,..,..
CZECH REPUBLIC (CZECHIA),,,,,,,,,,,,,,,,,,,,,,,,,,,,,,,,
,Total_departures,,,Thousands,,..,..,..,..,..,..,..,..,..,..,..,..,11508,12713,12336,11891,..,..,..,..,..,..,..,..,..,..,..
,,Overnights visitors (tourists),,Thousands,,..,..,..,..,..,..,..,..,7213,6643,6963,6393,9048,9665,8904,8673,5279,5419,5781,5651,5856,6027,6775,7390,7346,2399,1161
,,Same-day visitors (excursionists),,Thousands,,..,..,..,..,..,..,..,..,..,..,..,..,2460,3048,3432,3218,..,..,..,..,..,..,..,..,..,..,..
DENMARK,,,,,,,,,,,,,,,,,,,,,,,,,,,,,,,,
,Total_departures,,,Thousands,,..,..,..,..,..,..,..,..,..,..,..,..,..,..,..,..,..,..,..,..,..,..,..,..,..,..,..
,,Overnights visitors (tourists),,Thousands,1/,..,5035,4693,4788,4744,5011,4946,4935,5564,4630,5469,6129,6564,6347,7037,7726,7846,7843,6977,8528,8991,9651,8087,7475,9088,4230,3182
,,Same-day visitors (excursionists),,Thousands,,..,..,..,..,..,..,..,..,..,..,..,..,..,..,..,..,..,..,..,..,..,..,..,..,..,..,..
DJIBOUTI,,,,,,,,,,,,,,,,,,,,,,,,,,,,,,,,
,Total_departures,,,Thousands,,..,..,..,..,..,..,..,..,..,..,..,..,..,..,..,..,..,..,..,..,..,..,..,..,..,..,..
,,Overnights visitors (tourists),,Thousands,,..,..,..,..,..,..,..,..,..,..,..,..,..,..,..,..,..,..,..,..,..,..,..,..,..,..,..
,,Same-day visitors (excursionists),,Thousands,,..,..,..,..,..,..,..,..,..,..,..,..,..,..,..,..,..,..,..,..,..,..,..,..,..,..,..
DOMINICA,,,,,,,,,,,,,,,,,,,,,,,,,,,,,,,,
,Total_departures,,,Thousands,,..,..,..,..,..,..,..,..,..,..,..,..,..,..,..,..,..,..,..,..,..,..,..,..,..,..,..
,,Overnights visitors (tourists),,Thousands,,..,..,..,..,..,..,..,..,..,..,..,..,..,..,..,..,..,..,..,..,..,..,..,..,..,..,..
,,Same-day visitors (excursionists),,Thousands,,..,..,..,..,..,..,..,..,..,..,..,..,..,..,..,..,..,..,..,..,..,..,..,..,..,..,..
DOMINICAN REPUBLIC,,,,,,,,,,,,,,,,,,,,,,,,,,,,,,,,
,Total_departures,,,Thousands,,..,..,..,..,..,..,..,..,..,..,..,..,..,..,..,..,..,..,..,..,..,..,..,..,..,..,..
,,Overnights visitors (tourists),,Thousands,,168,358,355,354,363,360,331,332,321,368,419,420,443,413,415,401,408,418,392,427,478,500,522,514,532,210,556
,,Same-day visitors (excursionists),,Thousands,,..,..,..,..,..,..,..,..,..,..,..,..,..,..,..,..,..,..,..,..,..,..,..,..,..,..,..
ECUADOR,,,,,,,,,,,,,,,,,,,,,,,,,,,,,,,,
,Total_departures,,,Thousands,,..,..,..,..,..,..,..,..,..,..,..,..,..,..,..,..,..,..,..,..,..,..,..,..,..,..,..
,,Overnights visitors (tourists),,Thousands,,271,275,321,330,386,520,562,627,613,603,664,733,801,815,814,899,1022,1022,1138,1096,1221,1366,1347,1402,1515,471,..
,,Same-day visitors (excursionists),,Thousands,,..,..,..,..,..,..,..,..,..,..,..,..,..,..,..,..,..,..,..,..,..,..,..,..,..,..,..
EGYPT,,,,,,,,,,,,,,,,,,,,,,,,,,,,,,,,
,Total_departures,,,Thousands,,..,..,..,..,..,..,..,..,..,..,..,..,..,..,4716,4618,4863,5678,5782,6180,..,..,..,..,..,..,..
,,Overnights visitors (tourists),,Thousands,,2683,2812,2722,2854,2886,2964,3074,3330,3644,5210,5307,4531,..,..,..,..,..,..,..,..,..,..,..,..,..,..,..
,,Same-day visitors (excursionists),,Thousands,,..,..,..,..,..,..,..,..,..,..,..,..,..,..,..,..,..,..,..,..,..,..,..,..,..,..,..
EL SALVADOR,,,,,,,,,,,,,,,,,,,,,,,,,,,,,,,,
,Total_departures,,,Thousands,,348,492,627,868,787,923,933,1001,940,1079,1239,1242,1012,..,1345,1421,1469,1462,1515,1515,1618,1804,1871,1788,1899,515,1093
,,Overnights visitors (tourists),,Thousands,,..,..,..,..,..,..,..,..,..,..,..,..,..,..,..,999,1160,1163,1166,1163,1250,1411,1394,1260,1331,384,801
,,Same-day visitors (excursionists),,Thousands,,..,..,..,..,..,..,..,..,..,..,..,..,..,..,..,423,309,299,348,352,367,393,477,528,568,131,292
EQUATORIAL GUINEA,,,,,,,,,,,,,,,,,,,,,,,,,,,,,,,,
,Total_departures,,,Thousands,,..,..,..,..,..,..,..,..,..,..,..,..,..,..,..,..,..,..,..,..,..,..,..,..,..,..,..
,,Overnights visitors (tourists),,Thousands,,..,..,..,..,..,..,..,..,..,..,..,..,..,..,..,..,..,..,..,..,..,..,..,..,..,..,..
,,Same-day visitors (excursionists),,Thousands,,..,..,..,..,..,..,..,..,..,..,..,..,..,..,..,..,..,..,..,..,..,..,..,..,..,..,..
ERITREA,,,,,,,,,,,,,,,,,,,,,,,,,,,,,,,,
,Total_departures,,,Thousands,,..,..,..,..,..,..,..,..,..,..,..,..,..,..,..,..,..,..,..,..,..,..,..,..,..,..,..
,,Overnights visitors (tourists),,Thousands,,..,..,..,..,..,..,..,..,..,..,..,..,..,..,..,..,..,..,..,..,..,..,..,..,..,..,..
,,Same-day visitors (excursionists),,Thousands,,..,..,..,..,..,..,..,..,..,..,..,..,..,..,..,..,..,..,..,..,..,..,..,..,..,..,..
ESTONIA,,,,,,,,,,,,,,,,,,,,,,,,,,,,,,,,
,Total_departures,,,Thousands,,..,..,..,..,..,..,..,..,..,..,..,..,..,..,..,..,..,..,..,..,..,..,..,..,..,..,..
,,Overnights visitors (tourists),,Thousands,1/,1764,1547,1616,1659,1780,1800,1658,1849,2075,..,..,438,677,692,752,955,1054,1147,1166,1426,1250,1339,1279,2069,1702,558,575
,,Same-day visitors (excursionists),,Thousands,,..,..,..,..,..,..,..,..,..,..,..,..,..,..,..,..,..,..,..,..,..,..,..,..,..,..,..
ESWATINI,,,,,,,,,,,,,,,,,,,,,,,,,,,,,,,,
,Total_departures,,,Thousands,,..,..,..,..,..,..,..,..,..,..,..,..,..,..,..,..,..,..,..,..,..,..,..,..,..,..,..
,,Overnights visitors (tourists),,Thousands,,..,..,..,..,..,..,..,..,..,..,1082,1072,1130,1177,1245,1141,1264,1403,1573,1657,1713,1789,1751,1717,1721,488,295
,,Same-day visitors (excursionists),,Thousands,,..,..,..,..,..,..,..,..,..,..,..,..,..,..,..,..,..,..,..,..,..,..,..,..,..,..,..
ETHIOPIA,,,,,,,,,,,,,,,,,,,,,,,,,,,,,,,,
,Total_departures,,,Thousands,,..,..,..,..,..,..,..,..,..,..,..,..,..,..,..,..,..,..,..,..,..,..,..,..,..,..,..
,,Overnights visitors (tourists),,Thousands,,120,133,..,..,..,..,..,..,..,..,..,..,..,..,..,..,..,..,..,..,..,..,..,..,..,..,..
,,Same-day visitors (excursionists),,Thousands,,..,..,..,..,..,..,..,..,..,..,..,..,..,..,..,..,..,..,..,..,..,..,..,..,..,..,..
FIJI,,,,,,,,,,,,,,,,,,,,,,,,,,,,,,,,
,Total_departures,,,Thousands,,..,..,..,..,..,..,..,..,..,..,..,..,..,..,..,..,..,..,..,..,..,..,..,..,..,..,..
,,Overnights visitors (tourists),,Thousands,,68,72,74,78,89,83,85,99,104,94,109,121,120,124,125,128,132,132,..,..,..,156,169,174,174,40,14
,,Same-day visitors (excursionists),,Thousands,,..,..,..,..,..,..,..,..,..,..,..,..,..,..,..,..,..,..,..,..,..,..,..,..,..,..,..
FINLAND,,,,,,,,,,,,,,,,,,,,,,,,,,,,,,,,
,Total_departures,,,Thousands,,..,..,..,..,..,..,..,..,..,..,6668,6428,6413,6566,6693,7485,8238,9978,9526,9783,10022,10278,10480,10480,10440,2690,2270
,,Overnights visitors (tourists),,Thousands,2/,5147,4918,5233,4743,5314,5914,5824,5857,5585,5798,5902,5756,5749,5854,5832,6633,7274,9055,8562,8731,8904,9125,9330,9450,9410,2330,1810
,,Same-day visitors (excursionists),,Thousands,,..,..,..,..,..,..,..,..,..,..,766,672,664,712,861,852,964,923,964,1052,1118,1153,1150,1030,1030,360,450
FRANCE,,,,,,,,,,,,,,,,,,,,,,,,,,,,,,,,
,Total_departures,,,Thousands,,..,..,..,..,..,..,..,..,..,..,..,27107,33144,30960,30646,29973,31153,29642,30457,31941,30608,29636,44265,48069,49276,21287,22007
,,Overnights visitors (tourists),,Thousands,,18686,18151,17115,18077,16709,19886,19265,18315,18576,21131,22480,22240,28103,25506,25140,25041,26155,25317,26062,27919,26648,26483,29055,30509,30407,11937,13681
,,Same-day visitors (excursionists),,Thousands,,..,..,..,..,..,..,..,..,..,..,..,4867,5041,5454,5506,4932,4998,4325,4395,4023,3960,3153,15209,17560,18868,9350,8326
FRENCH GUIANA,,,,,,,,,,,,,,,,,,,,,,,,,,,,,,,,
,Total_departures,,,Thousands,,..,..,..,..,..,..,..,..,..,..,..,..,..,..,..,..,..,..,..,..,..,..,..,..,..,..,..
,,Overnights visitors (tourists),,Thousands,,..,..,..,..,..,..,..,..,..,..,..,..,..,..,..,..,..,..,..,..,..,..,..,..,..,..,..
,,Same-day visitors (excursionists),,Thousands,,..,..,..,..,..,..,..,..,..,..,..,..,..,..,..,..,..,..,..,..,..,..,..,..,..,..,..
FRENCH POLYNESIA,,,,,,,,,,,,,,,,,,,,,,,,,,,,,,,,
,Total_departures,,,Thousands,,..,..,..,..,..,..,..,..,..,..,..,..,..,..,..,..,..,..,..,..,..,..,..,..,..,..,..
,,Overnights visitors (tourists),,Thousands,,63,65,..,..,..,..,..,..,..,..,..,..,..,..,88,89,84,83,..,48,55,48,55,47,63,12,..
,,Same-day visitors (excursionists),,Thousands,,..,..,..,..,..,..,..,..,..,..,..,..,..,..,..,..,..,..,..,..,..,..,..,..,..,..,..
GABON,,,,,,,,,,,,,,,,,,,,,,,,,,,,,,,,
,Total_departures,,,Thousands,,..,..,..,..,..,..,..,..,..,..,..,..,..,..,..,..,..,..,..,..,..,..,..,..,..,..,..
,,Overnights visitors (tourists),,Thousands,,..,..,..,203,187,168,189,219,236,..,..,..,..,..,..,..,..,..,..,..,..,..,..,..,..,..,..
,,Same-day visitors (excursionists),,Thousands,,..,..,..,..,..,..,..,..,..,..,..,..,..,..,..,..,..,..,..,..,..,..,..,..,..,..,..
GAMBIA,,,,,,,,,,,,,,,,,,,,,,,,,,,,,,,,
,Total_departures,,,Thousands,,..,..,..,..,..,..,..,..,..,..,..,..,..,..,..,..,..,..,..,..,..,..,..,..,..,..,..
,,Overnights visitors (tourists),,Thousands,,..,..,..,..,..,..,..,..,..,..,387,307,..,..,..,..,..,..,..,..,..,..,..,..,..,..,..
,,Same-day visitors (excursionists),,Thousands,,..,..,..,..,..,..,..,..,..,..,..,..,..,..,..,..,..,..,..,..,..,..,..,..,..,..,..
GEORGIA,,,,,,,,,,,,,,,,,,,,,,,,,,,,,,,,
,Total_departures,,,Thousands,,..,..,..,..,..,..,..,..,..,..,..,..,..,..,..,..,..,..,..,..,..,..,..,..,..,..,..
,,Overnights visitors (tourists),,Thousands,,228,219,355,433,373,315,306,317,..,466,857,1346,1473,1872,1980,2086,2237,2734,3220,3106,3136,3400,3851,3698,3780,..,..
,,Same-day visitors (excursionists),,Thousands,,..,..,..,..,..,..,..,..,..,..,..,..,..,..,..,..,..,..,..,..,..,..,..,..,..,..,..
GERMANY,,,,,,,,,,,,,,,,,,,,,,,,,,,,,,,,
,Total_departures,,,Thousands,,..,..,..,..,..,..,..,..,..,..,..,..,..,..,..,..,..,..,..,..,..,..,..,..,..,..,..
,,Overnights visitors (tourists),,Thousands,1/,..,..,55800,69200,78100,80507,81551,80393,85345,84859,86622,81801,82099,86201,85547,85872,84692,82729,87459,83008,83737,90966,92402,108542,99533,..,..
,,Same-day visitors (excursionists),,Thousands,,..,..,..,..,..,..,..,..,..,..,..,..,..,..,..,..,..,..,..,..,..,..,..,..,..,..,..
GHANA,,,,,,,,,,,,,,,,,,,,,,,,,,,,,,,,
,Total_departures,,,Thousands,,..,..,..,..,..,..,..,..,..,..,..,..,..,..,..,..,..,..,..,..,..,..,..,..,..,..,..
,,Overnights visitors (tourists),,Thousands,,..,..,..,..,..,..,..,..,..,..,..,..,..,..,..,..,..,..,..,..,..,..,..,..,..,..,..
,,Same-day visitors (excursionists),,Thousands,,..,..,..,..,..,..,..,..,..,..,..,..,..,..,..,..,..,..,..,..,..,..,..,..,..,..,..
GREECE,,,,,,,,,,,,,,,,,,,,,,,,,,,,,,,,
,Total_departures,,,Thousands,,..,..,..,..,..,..,..,..,..,..,..,..,..,..,..,..,..,..,..,..,..,..,..,..,..,..,..
,,Overnights visitors (tourists),,Thousands,1/,..,..,..,..,..,..,..,..,..,..,..,..,..,3765,3835,3799,4941,4681,4594,5802,6291,7235,7685,7961,7848,2324,2026
,,Same-day visitors (excursionists),,Thousands,,..,..,..,..,..,..,..,..,..,..,..,..,..,..,..,..,..,..,..,..,..,..,..,..,..,..,..
GRENADA,,,,,,,,,,,,,,,,,,,,,,,,,,,,,,,,
,Total_departures,,,Thousands,,..,..,..,..,..,..,..,..,..,..,..,..,..,..,..,..,..,..,..,..,..,..,..,..,..,..,..
,,Overnights visitors (tourists),,Thousands,,..,..,..,..,..,..,..,..,..,..,..,..,..,..,..,..,..,..,..,..,..,..,..,..,..,..,..
,,Same-day visitors (excursionists),,Thousands,,..,..,..,..,..,..,..,..,..,..,..,..,..,..,..,..,..,..,..,..,..,..,..,..,..,..,..
GUADELOUPE,,,,,,,,,,,,,,,,,,,,,,,,,,,,,,,,
,Total_departures,,,Thousands,,..,..,..,..,..,..,..,..,..,..,..,..,..,..,..,..,..,..,113,..,..,..,..,..,..,..,..
,,Overnights visitors (tourists),,Thousands,,..,..,..,..,..,..,..,..,..,..,..,..,..,..,..,..,..,..,..,..,..,..,..,..,..,..,..
,,Same-day visitors (excursionists),,Thousands,,..,..,..,..,..,..,..,..,..,..,..,..,..,..,..,..,..,..,..,..,..,..,..,..,..,..,..
GUAM,,,,,,,,,,,,,,,,,,,,,,,,,,,,,,,,
,Total_departures,,,Thousands,,..,..,..,..,..,..,..,..,..,..,..,..,..,..,..,..,..,..,..,..,..,..,..,..,..,..,..
,,Overnights visitors (tourists),,Thousands,,..,..,..,..,..,..,..,..,..,..,..,..,..,..,..,..,..,..,..,..,..,..,..,..,..,..,..
,,Same-day visitors (excursionists),,Thousands,,..,..,..,..,..,..,..,..,..,..,..,..,..,..,..,..,..,..,..,..,..,..,..,..,..,..,..
GUATEMALA,,,,,,,,,,,,,,,,,,,,,,,,,,,,,,,,
,Total_departures,,,Thousands,,333,333,331,391,485,488,580,629,658,854,982,1055,1168,1277,651,694,718,721,846,992,1130,1195,1328,1538,1703,508,437
,,Overnights visitors (tourists),,Thousands,,..,..,..,..,..,..,..,..,..,..,..,..,..,..,562,585,596,580,686,840,939,1053,1067,1229,1299,402,414
,,Same-day visitors (excursionists),,Thousands,,..,..,..,..,..,..,..,..,..,..,..,..,..,..,89,108,122,141,159,152,191,142,260,309,405,106,22
GUINEA,,,,,,,,,,,,,,,,,,,,,,,,,,,,,,,,
,Total_departures,,,Thousands,,..,..,..,..,..,..,..,..,..,..,..,..,..,..,..,..,..,..,..,..,..,..,..,..,..,..,..
,,Overnights visitors (tourists),,Thousands,,..,..,..,..,..,..,..,..,..,..,..,..,..,..,..,..,..,..,..,..,..,..,..,..,..,..,..
,,Same-day visitors (excursionists),,Thousands,,..,..,..,..,..,..,..,..,..,..,..,..,..,..,..,..,..,..,..,..,..,..,..,..,..,..,..
GUINEA-BISSAU,,,,,,,,,,,,,,,,,,,,,,,,,,,,,,,,
,Total_departures,,,Thousands,,..,..,..,..,..,..,..,..,..,..,..,..,..,..,..,..,..,..,..,..,..,..,..,..,..,..,..
,,Overnights visitors (tourists),,Thousands,,..,..,..,..,..,..,..,..,..,..,..,..,..,..,..,..,..,..,..,..,..,..,..,..,..,..,..
,,Same-day visitors (excursionists),,Thousands,,..,..,..,..,..,..,..,..,..,..,..,..,..,..,..,..,..,..,..,..,..,..,..,..,..,..,..
GUYANA,,,,,,,,,,,,,,,,,,,,,,,,,,,,,,,,
,Total_departures,,,Thousands,,..,..,..,..,..,..,..,..,..,..,..,..,..,..,..,..,..,..,..,..,..,..,..,..,..,..,..
,,Overnights visitors (tourists),,Thousands,,..,..,..,..,..,..,..,..,..,..,..,..,..,..,..,..,..,..,..,..,..,..,..,..,..,..,..
,,Same-day visitors (excursionists),,Thousands,,..,..,..,..,..,..,..,..,..,..,..,..,..,..,..,..,..,..,..,..,..,..,..,..,..,..,..
HAITI,,,,,,,,,,,,,,,,,,,,,,,,,,,,,,,,
,Total_departures,,,Thousands,,..,..,..,..,..,..,..,..,..,..,..,..,..,..,..,..,..,..,..,..,..,..,..,..,..,..,..
,,Overnights visitors (tourists),,Thousands,,..,..,..,..,..,..,..,..,..,..,..,..,..,..,..,..,..,..,..,..,..,..,..,..,..,..,..
,,Same-day visitors (excursionists),,Thousands,,..,..,..,..,..,..,..,..,..,..,..,..,..,..,..,..,..,..,..,..,..,..,..,..,..,..,..
HONDURAS,,,,,,,,,,,,,,,,,,,,,,,,,,,,,,,,
,Total_departures,,,Thousands,,..,..,..,..,..,..,..,..,..,..,..,..,..,..,..,1090,1092,1072,1055,1065,1150,1121,727,703,..,..,..
,,Overnights visitors (tourists),,Thousands,,149,162,183,202,235,274,279,279,277,295,284,295,315,387,395,408,449,464,471,557,692,664,485,501,..,..,..
,,Same-day visitors (excursionists),,Thousands,,..,..,..,..,..,..,..,..,..,..,..,..,..,..,..,682,643,608,584,508,458,457,243,201,..,..,..
"HONG KONG, CHINA",,,,,,,,,,,,,,,,,,,,,,,,,,,,,,,,
,Total_departures,,,Thousands,,..,..,..,47594,53144,58901,61096,64540,60936,68903,72300,75812,80682,81911,81958,84442,84816,85276,84414,84519,89082,91758,91304,92214,94715,8261,905
,,Overnights visitors (tourists),,Thousands,,..,..,..,..,..,..,..,..,..,..,..,..,..,..,..,..,..,..,..,..,..,..,..,..,..,..,..
,,Same-day visitors (excursionists),,Thousands,,..,..,..,..,..,..,..,..,..,..,..,..,..,..,..,..,..,..,..,..,..,..,..,..,..,..,..
HUNGARY,,,,,,,,,,,,,,,,,,,,,,,,,,,,,,,,
,Total_departures,,,Thousands,,13083,12064,12173,12317,10622,11065,11167,12966,14283,17558,17759,16597,17056,17162,16640,16082,16634,16143,16038,16340,17276,18895,20297,22805,24860,12727,13258
,,Overnights visitors (tourists),,Thousands,,..,..,..,..,..,..,..,..,..,..,6994,6007,5734,6155,5672,5297,5335,4881,4912,5587,6382,7091,7539,8649,9373,3908,4358
,,Same-day visitors (excursionists),,Thousands,,..,..,..,..,..,..,..,..,..,..,10765,10590,11322,11006,10969,10786,11299,11262,11126,10753,10893,11804,12758,14156,15486,8819,8901
ICELAND,,,,,,,,,,,,,,,,,,,,,,,,,,,,,,,,
,Total_departures,,,Thousands,,..,..,..,..,..,..,..,..,..,..,..,..,..,..,..,..,..,..,..,..,..,..,..,..,..,..,..
,,Overnights visitors (tourists),,Thousands,,166,190,203,227,257,283,..,..,..,..,364,440,460,414,259,299,341,358,365,400,450,536,619,668,611,130,..
,,Same-day visitors (excursionists),,Thousands,,..,..,..,..,..,..,..,..,..,..,..,..,..,..,..,..,..,..,..,..,..,..,..,..,..,..,..
INDIA,,,,,,,,,,,,,,,,,,,,,,,,,,,,,,,,
,Total_departures,,,Thousands,,..,..,..,..,..,..,..,..,..,..,..,..,..,..,..,..,..,..,..,..,..,..,..,..,..,..,..
,,Overnights visitors (tourists),,Thousands,1/,3056,3464,3726,3811,4115,4416,4564,4940,5351,6213,7185,8340,9783,10868,11067,12988,13994,14920,16626,18330,20376,21872,23943,26296,26915,7295,8551
,,Same-day visitors (excursionists),,Thousands,,..,..,..,..,..,..,..,..,..,..,..,..,..,..,..,..,..,..,..,..,..,..,..,..,..,..,..
INDONESIA,,,,,,,,,,,,,,,,,,,,,,,,,,,,,,,,
,Total_departures,,,Thousands,,..,..,..,..,..,2205,2505,3231,3478,3941,4106,4967,5158,5486,5053,6235,6750,7454,8025,8074,8176,8340,8856,9468,11689,2918,1711
,,Overnights visitors (tourists),,Thousands,,..,..,..,..,..,..,..,..,..,..,..,..,..,..,..,..,..,..,..,..,..,..,..,..,..,..,503
,,Same-day visitors (excursionists),,Thousands,,..,..,..,..,..,..,..,..,..,..,..,..,..,..,..,..,..,..,..,..,..,..,..,..,..,..,1208
"IRAN, ISLAMIC REPUBLIC OF",,,,,,,,,,,,,,,,,,,,,,,,,,,,,,,,
,Total_departures,,,Thousands,,..,..,..,..,..,..,..,..,..,..,..,..,..,..,..,..,..,..,..,7698,6620,9007,10543,7243,..,1550,..
,,Overnights visitors (tourists),,Thousands,,1000,1218,1433,1690,1856,2286,2400,2921,..,..,..,..,..,..,..,..,..,..,..,..,..,..,..,..,..,..,..
,,Same-day visitors (excursionists),,Thousands,,..,..,..,..,..,..,..,..,..,..,..,..,..,..,..,..,..,..,..,..,..,..,..,..,..,..,..
IRAQ,,,,,,,,,,,,,,,,,,,,,,,,,,,,,,,,
,Total_departures,,,Thousands,,..,..,..,..,..,..,..,..,..,..,..,..,..,..,..,..,..,..,..,..,..,..,..,..,..,..,..
,,Overnights visitors (tourists),,Thousands,,..,..,..,..,..,..,..,..,..,..,..,..,..,..,..,..,..,..,..,..,..,..,..,..,..,..,..
,,Same-day visitors (excursionists),,Thousands,,..,..,..,..,..,..,..,..,..,..,..,..,..,..,..,..,..,..,..,..,..,..,..,..,..,..,..
IRELAND,,,,,,,,,,,,,,,,,,,,,,,,,,,,,,,,
,Total_departures,,,Thousands,,2547,2733,3053,3330,3576,3783,4216,4634,4929,5409,6113,6848,7713,7877,7047,6917,6514,6600,6579,6676,7094,7646,8171,8643,9350,2326,..
,,Overnights visitors (tourists),,Thousands,,..,..,..,..,..,..,..,..,..,..,..,..,..,..,..,..,..,..,..,..,..,..,..,..,..,..,..
,,Same-day visitors (excursionists),,Thousands,,..,..,..,..,..,..,..,..,..,..,..,..,..,..,..,..,..,..,..,..,..,..,..,..,..,..,..
ISRAEL,,,,,,,,,,,,,,,,,,,,,,,,,,,,,,,,
,Total_departures,,,Thousands,,..,..,..,..,..,..,..,..,..,..,..,..,..,..,..,..,..,..,..,..,..,..,..,..,..,..,..
,,Overnights visitors (tourists),,Thousands,,2259,2505,2707,2983,3203,3530,3561,3273,3299,3614,3687,3713,4147,4207,4007,4269,4387,4349,4757,5181,5891,6781,7597,8473,9179,1544,3022
,,Same-day visitors (excursionists),,Thousands,,..,..,..,..,..,..,..,..,..,..,..,..,..,..,..,..,..,..,..,..,..,..,..,..,..,..,..
ITALY,,,,,,,,,,,,,,,,,,,,,,,,,,,,,,,,
,Total_departures,,,Thousands,,..,..,40196,42431,42390,44628,43611,44660,46357,40400,43407,46369,49166,54421,54839,55304,52617,53338,52633,55169,57418,57480,60042,61195,62207,21448,17588
,,Overnights visitors (tourists),,Thousands,1/,..,18173,17254,17698,17361,20080,20567,22978,24572,21557,23147,24022,25789,26464,27490,28188,27831,27376,26305,26862,27494,29067,31805,33347,34703,11960,12354
,,Same-day visitors (excursionists),,Thousands,,..,..,22942,24733,25030,24548,23044,21682,21785,18843,20260,22347,23377,27957,27349,27117,24786,25963,26328,28307,29925,28413,28237,27848,27505,9489,5234
JAMAICA,,,,,,,,,,,,,,,,,,,,,,,,,,,,,,,,
,Total_departures,,,Thousands,,..,..,..,..,..,..,..,..,..,..,..,..,..,..,..,..,..,..,..,..,..,..,..,..,..,..,..
,,Overnights visitors (tourists),,Thousands,,..,..,..,..,..,..,..,..,..,..,..,..,..,..,..,..,..,..,..,..,..,..,..,..,..,..,..
,,Same-day visitors (excursionists),,Thousands,,..,..,..,..,..,..,..,..,..,..,..,..,..,..,..,..,..,..,..,..,..,..,..,..,..,..,..
JAPAN,,,,,,,,,,,,,,,,,,,,,,,,,,,,,,,,
,Total_departures,,,Thousands,,15298,16695,16803,15806,16358,17819,16216,16523,13296,16831,17404,17535,17295,15987,15446,16637,16994,18491,17473,16903,16214,17116,17889,18954,20081,3174,512
,,Overnights visitors (tourists),,Thousands,,..,..,..,..,..,..,..,..,..,..,..,..,..,..,..,..,..,..,..,..,..,..,..,..,..,..,..
,,Same-day visitors (excursionists),,Thousands,,..,..,..,..,..,..,..,..,..,..,..,..,..,..,..,..,..,..,..,..,..,..,..,..,..,..,..
JORDAN,,,,,,,,,,,,,,,,,,,,,,,,,,,,,,,,
,Total_departures,,,Thousands,,..,..,..,..,..,..,..,..,..,..,..,..,..,2288,2466,3086,2194,1780,1744,1407,1633,1745,..,..,..,..,..
,,Overnights visitors (tourists),,Thousands,,1128,1141,1233,1347,1561,1625,1755,1276,1229,1420,1523,2139,2094,1972,2054,2708,1931,1567,1498,1230,..,1511,1592,1501,1537,406,846
,,Same-day visitors (excursionists),,Thousands,,..,..,..,..,..,..,..,..,..,..,..,..,..,316,412,378,263,214,246,177,..,234,..,..,..,..,..
KAZAKHSTAN,,,,,,,,,,,,,,,,,,,,,,,,,,,,,,,,
,Total_departures,,,Thousands,,..,..,..,..,..,..,..,..,..,..,..,3688,4544,4330,5423,6019,8020,9066,10144,10450,11303,9756,10261,10646,10707,2865,3501
,,Overnights visitors (tourists),,Thousands,,..,523,419,502,398,1247,2294,2274,2374,3915,2975,3615,4449,4239,5309,5893,7852,8875,9931,10230,..,..,..,..,..,..,..
,,Same-day visitors (excursionists),,Thousands,,..,..,..,..,..,..,..,..,..,..,..,73,95,91,114,126,168,190,213,220,..,..,..,..,..,..,..
KENYA,,,,,,,,,,,,,,,,,,,,,,,,,,,,,,,,
,Total_departures,,,Thousands,,..,..,..,..,..,..,..,..,..,..,..,..,..,..,..,..,..,..,..,..,..,..,..,..,..,..,..
,,Overnights visitors (tourists),,Thousands,,..,..,..,..,..,..,..,..,..,..,..,..,..,..,..,..,..,..,..,..,..,..,..,..,..,..,..
,,Same-day visitors (excursionists),,Thousands,,..,..,..,..,..,..,..,..,..,..,..,..,..,..,..,..,..,..,..,..,..,..,..,..,..,..,..
KIRIBATI,,,,,,,,,,,,,,,,,,,,,,,,,,,,,,,,
,Total_departures,,,Thousands,,..,..,..,..,..,..,..,..,..,..,..,..,..,..,..,..,..,..,..,..,..,..,..,..,..,..,..
,,Overnights visitors (tourists),,Thousands,,..,..,..,..,..,..,..,..,..,..,..,..,..,..,..,..,..,..,..,..,..,..,..,..,..,..,..
,,Same-day visitors (excursionists),,Thousands,,..,..,..,..,..,..,..,..,..,..,..,..,..,..,..,..,..,..,..,..,..,..,..,..,..,..,..
"KOREA, DEMOCRATIC PEOPLE´S REPUBLIC OF",,,,,,,,,,,,,,,,,,,,,,,,,,,,,,,,
,Total_departures,,,Thousands,,..,..,..,..,..,..,..,..,..,..,..,..,..,..,..,..,..,..,..,..,..,..,..,..,..,..,..
,,Overnights visitors (tourists),,Thousands,,..,..,..,..,..,..,..,..,..,..,..,..,..,..,..,..,..,..,..,..,..,..,..,..,..,..,..
,,Same-day visitors (excursionists),,Thousands,,..,..,..,..,..,..,..,..,..,..,..,..,..,..,..,..,..,..,..,..,..,..,..,..,..,..,..
"KOREA, REPUBLIC OF",,,,,,,,,,,,,,,,,,,,,,,,,,,,,,,,
,Total_departures,,,Thousands,,3819,4649,4542,3067,4342,5508,6084,7123,7086,8826,10080,11610,13325,11996,9494,12488,12694,13737,14846,16081,19310,22383,26496,28696,28714,4276,1223
,,Overnights visitors (tourists),,Thousands,,..,..,..,..,..,..,..,..,..,..,..,..,..,..,..,..,..,..,..,..,..,..,..,..,..,..,..
,,Same-day visitors (excursionists),,Thousands,,..,..,..,..,..,..,..,..,..,..,..,..,..,..,..,..,..,..,..,..,..,..,..,..,..,..,..
KUWAIT,,,,,,,,,,,,,,,,,,,,,,,,,,,,,,,,
,Total_departures,,,Thousands,,..,..,..,..,..,..,..,..,..,..,..,..,..,..,..,..,..,..,..,..,..,..,..,..,..,..,..
,,Overnights visitors (tourists),,Thousands,,878,1051,1097,1264,1209,1236,1666,1725,1774,1928,2173,2529,2649,..,..,..,..,..,..,..,..,..,..,..,..,..,..
,,Same-day visitors (excursionists),,Thousands,,..,..,..,..,..,..,..,..,..,..,..,..,..,..,..,..,..,..,..,..,..,..,..,..,..,..,..
KYRGYZSTAN,,,,,,,,,,,,,,,,,,,,,,,,,,,,,,,,
,Total_departures,,,Thousands,,..,..,..,..,..,..,..,..,..,..,..,..,..,2273,2354,1342,3061,3621,3993,3790,4008,4185,4446,6839,5314,1520,1808
,,Overnights visitors (tourists),,Thousands,,42,..,..,33,45,47,46,59,116,239,201,454,559,..,..,..,..,..,..,..,..,..,..,..,..,..,..
,,Same-day visitors (excursionists),,Thousands,,..,..,..,..,..,..,..,..,..,..,..,..,..,..,..,..,..,..,..,..,..,..,..,..,..,..,..
LAO PEOPLE´S DEMOCRATIC REPUBLIC,,,,,,,,,,,,,,,,,,,,,,,,,,,,,,,,
,Total_departures,,,Thousands,,..,..,..,..,..,..,..,..,..,..,..,..,..,..,..,1686,1788,2052,2857,3320,3067,3059,3049,3207,2690,707,..
,,Overnights visitors (tourists),,Thousands,,..,..,..,..,..,..,..,..,..,..,..,..,..,..,..,..,..,..,..,..,..,..,..,..,..,..,..
,,Same-day visitors (excursionists),,Thousands,,..,..,..,..,..,..,..,..,..,..,..,..,..,..,..,..,..,..,..,..,..,..,..,..,..,..,..
LATVIA,,,,,,,,,,,,,,,,,,,,,,,,,,,,,,,,
,Total_departures,,,Thousands,,1812,1798,1877,1961,2256,2596,2697,2306,2286,2457,2959,3151,3398,3782,3268,3332,3257,1830,1776,1846,1720,1939,2055,2175,2384,690,629
,,Overnights visitors (tourists),,Thousands,,..,..,..,..,..,..,..,..,..,..,..,..,..,..,1573,1650,1530,1398,1246,1362,1242,1250,1265,1368,1480,432,512
,,Same-day visitors (excursionists),,Thousands,,..,..,..,..,..,..,..,..,..,..,..,..,..,..,1695,1682,1727,432,530,484,478,689,790,807,904,258,117
LEBANON,,,,,,,,,,,,,,,,,,,,,,,,,,,,,,,,
,Total_departures,,,Thousands,,..,..,..,..,..,..,..,..,..,..,..,..,..,..,..,..,..,..,..,..,..,..,..,..,..,..,..
,,Overnights visitors (tourists),,Thousands,,..,..,..,..,..,..,..,..,..,..,..,..,..,..,..,..,..,..,..,..,..,..,..,..,..,..,..
,,Same-day visitors (excursionists),,Thousands,,..,..,..,..,..,..,..,..,..,..,..,..,..,..,..,..,..,..,..,..,..,..,..,..,..,..,..
LESOTHO,,,,,,,,,,,,,,,,,,,,,,,,,,,,,,,,
,Total_departures,,,Thousands,,..,..,..,..,..,..,..,..,..,..,..,..,..,..,..,..,..,..,..,..,..,..,..,..,..,..,..
,,Overnights visitors (tourists),,Thousands,,..,..,..,..,..,..,..,..,..,..,..,..,..,..,..,..,..,..,..,..,..,..,..,..,..,..,..
,,Same-day visitors (excursionists),,Thousands,,..,..,..,..,..,..,..,..,..,..,..,..,..,..,..,..,..,..,..,..,..,..,..,..,..,..,..
LIBERIA,,,,,,,,,,,,,,,,,,,,,,,,,,,,,,,,
,Total_departures,,,Thousands,,..,..,..,..,..,..,..,..,..,..,..,..,..,..,..,..,..,..,..,..,..,..,..,..,..,..,..
,,Overnights visitors (tourists),,Thousands,,..,..,..,..,..,..,..,..,..,..,..,..,..,..,..,..,..,..,..,..,..,..,..,..,..,..,..
,,Same-day visitors (excursionists),,Thousands,,..,..,..,..,..,..,..,..,..,..,..,..,..,..,..,..,..,..,..,..,..,..,..,..,..,..,..
LIBYA,,,,,,,,,,,,,,,,,,,,,,,,,,,,,,,,
,Total_departures,,,Thousands,,..,..,..,..,..,..,..,..,..,..,..,..,..,..,..,..,..,..,..,..,..,..,..,..,..,..,..
,,Overnights visitors (tourists),,Thousands,,484,493,650,..,..,..,..,..,..,..,..,..,..,..,..,..,..,..,..,..,..,..,..,..,..,..,..
,,Same-day visitors (excursionists),,Thousands,,..,..,..,..,..,..,..,..,..,..,..,..,..,..,..,..,..,..,..,..,..,..,..,..,..,..,..
LIECHTENSTEIN,,,,,,,,,,,,,,,,,,,,,,,,,,,,,,,,
,Total_departures,,,Thousands,,..,..,..,..,..,..,..,..,..,..,..,..,..,..,..,..,..,..,..,..,..,..,..,..,..,..,..
,,Overnights visitors (tourists),,Thousands,,..,..,..,..,..,..,..,..,..,..,..,..,..,..,..,..,..,..,..,..,..,..,..,..,..,..,..
,,Same-day visitors (excursionists),,Thousands,,..,..,..,..,..,..,..,..,..,..,..,..,..,..,..,..,..,..,..,..,..,..,..,..,..,..,..
LITHUANIA,,,,,,,,,,,,,,,,,,,,,,,,,,,,,,,,
,Total_departures,,,Thousands,,..,..,..,..,..,..,..,..,..,..,..,4362,3627,3847,3639,4311,4020,4108,4228,4292,3981,4143,4294,4702,4881,1643,..
,,Overnights visitors (tourists),,Thousands,,1925,2864,2981,3241,3487,3632,3390,3584,3502,..,1633,1789,1661,1757,1288,1411,1526,1708,1764,1789,1860,1953,2032,2244,2347,682,..
,,Same-day visitors (excursionists),,Thousands,,..,..,..,..,..,..,..,..,..,..,..,2572,1967,2090,2351,2900,2493,2401,2464,2503,2121,2191,2262,2458,2534,961,..
LUXEMBOURG,,,,,,,,,,,,,,,,,,,,,,,,,,,,,,,,
,Total_departures,,,Thousands,,..,..,..,..,..,..,..,..,..,..,..,..,..,..,..,..,..,..,..,..,..,..,..,..,..,..,..
,,Overnights visitors (tourists),,Thousands,,..,..,694,757,809,950,923,1049,1021,1100,1185,1084,1132,1190,1362,1237,1643,1580,1624,1815,1702,1588,2346,2510,2548,1460,1814
,,Same-day visitors (excursionists),,Thousands,,..,..,..,..,..,..,..,..,..,..,..,..,..,..,..,..,..,..,..,..,..,..,..,..,..,..,..
"MACAO, CHINA",,,,,,,,,,,,,,,,,,,,,,,,,,,,,,,,
,Total_departures,,,Thousands,,..,..,..,..,..,..,..,..,..,..,629,645,599,606,671,753,908,1291,1446,1537,1466,1251,1391,1780,1765,124,148
,,Overnights visitors (tourists),,Thousands,,..,..,..,..,..,..,..,..,..,..,..,..,..,..,..,..,..,..,..,..,..,..,..,..,..,..,..
,,Same-day visitors (excursionists),,Thousands,,..,..,..,..,..,..,..,..,..,..,..,..,..,..,..,..,..,..,..,..,..,..,..,..,..,..,..
MADAGASCAR,,,,,,,,,,,,,,,,,,,,,,,,,,,,,,,,
,Total_departures,,,Thousands,,..,..,..,..,..,..,..,..,..,..,..,..,..,..,..,..,..,..,..,..,..,..,..,..,..,..,..
,,Overnights visitors (tourists),,Thousands,,39,..,..,..,..,..,..,..,..,..,..,..,..,..,..,..,..,..,..,..,..,..,..,..,..,..,..
,,Same-day visitors (excursionists),,Thousands,,..,..,..,..,..,..,..,..,..,..,..,..,..,..,..,..,..,..,..,..,..,..,..,..,..,..,..
MALAWI,,,,,,,,,,,,,,,,,,,,,,,,,,,,,,,,
,Total_departures,,,Thousands,,..,..,..,..,..,..,..,..,..,..,..,..,..,..,..,..,..,..,..,..,..,..,..,..,..,..,..
,,Overnights visitors (tourists),,Thousands,,..,..,..,..,..,..,..,..,..,..,..,..,..,..,..,..,..,..,..,..,..,..,..,..,..,..,..
,,Same-day visitors (excursionists),,Thousands,,..,..,..,..,..,..,..,..,..,..,..,..,..,..,..,..,..,..,..,..,..,..,..,..,..,..,..
MALAYSIA,,,,,,,,,,,,,,,,,,,,,,,,,,,,,,,,
,Total_departures,,,Thousands,1/,20642,23333,26165,25631,26067,30532,36248,29866,32201,30761,..,..,..,..,..,..,..,..,..,..,..,..,..,..,..,..,..
,,Overnights visitors (tourists),,Thousands,,..,..,..,..,..,..,..,..,..,..,..,..,..,..,..,..,..,..,..,..,..,..,..,..,..,..,..
,,Same-day visitors (excursionists),,Thousands,,..,..,..,..,..,..,..,..,..,..,..,..,..,..,..,..,..,..,..,..,..,..,..,..,..,..,..
MALDIVES,,,,,,,,,,,,,,,,,,,,,,,,,,,,,,,,
,Total_departures,,,Thousands,,..,..,..,..,..,..,..,..,..,..,..,..,..,..,..,..,..,..,..,..,..,..,..,..,..,..,..
,,Overnights visitors (tourists),,Thousands,,32,32,33,37,42,42,41,43,44,61,77,74,102,123,..,..,..,..,..,..,..,..,..,..,..,..,..
,,Same-day visitors (excursionists),,Thousands,,..,..,..,..,..,..,..,..,..,..,..,..,..,..,..,..,..,..,..,..,..,..,..,..,..,..,..
MALI,,,,,,,,,,,,,,,,,,,,,,,,,,,,,,,,
,Total_departures,,,Thousands,,..,..,..,..,..,..,..,..,..,..,..,..,..,..,..,..,..,..,..,..,..,..,..,..,..,..,..
,,Overnights visitors (tourists),,Thousands,,..,..,..,..,..,..,..,..,..,..,..,..,..,..,..,..,..,..,..,..,..,..,..,..,..,..,..
,,Same-day visitors (excursionists),,Thousands,,..,..,..,..,..,..,..,..,..,..,..,..,..,..,..,..,..,..,..,..,..,..,..,..,..,..,..
MALTA,,,,,,,,,,,,,,,,,,,,,,,,,,,,,,,,
,Total_departures,,,Thousands,,..,..,..,..,..,..,..,..,..,..,..,..,..,292,292,328,348,368,404,430,456,550,633,728,774,218,..
,,Overnights visitors (tourists),,Thousands,,163,168,172,167,179,200,179,157,174,203,225,257,280,261,264,294,309,331,363,391,428,497,573,667,707,197,303
,,Same-day visitors (excursionists),,Thousands,,..,..,..,..,..,..,..,..,..,..,..,..,..,31,28,34,39,37,41,39,48,53,60,61,67,21,..
MARSHALL ISLANDS,,,,,,,,,,,,,,,,,,,,,,,,,,,,,,,,
,Total_departures,,,Thousands,,..,..,..,..,..,..,..,..,..,..,..,..,..,..,..,..,..,..,..,..,..,..,..,..,..,..,..
,,Overnights visitors (tourists),,Thousands,,..,..,..,..,..,..,..,..,..,..,..,..,..,..,..,..,..,..,..,..,..,..,..,..,..,..,..
,,Same-day visitors (excursionists),,Thousands,,..,..,..,..,..,..,..,..,..,..,..,..,..,..,..,..,..,..,..,..,..,..,..,..,..,..,..
MARTINIQUE,,,,,,,,,,,,,,,,,,,,,,,,,,,,,,,,
,Total_departures,,,Thousands,,..,..,..,..,..,..,..,..,..,..,..,..,..,..,..,..,..,..,..,..,..,..,..,..,..,..,..
,,Overnights visitors (tourists),,Thousands,,..,..,..,..,..,..,..,..,..,..,..,..,..,..,..,..,..,..,..,..,..,..,..,..,..,..,..
,,Same-day visitors (excursionists),,Thousands,,..,..,..,..,..,..,..,..,..,..,..,..,..,..,..,..,..,..,..,..,..,..,..,..,..,..,..
MAURITANIA,,,,,,,,,,,,,,,,,,,,,,,,,,,,,,,,
,Total_departures,,,Thousands,,..,..,..,..,..,..,..,..,..,..,..,..,..,..,..,..,..,..,..,..,..,..,..,..,..,..,..
,,Overnights visitors (tourists),,Thousands,,..,..,..,..,..,..,..,..,..,..,..,..,..,..,..,..,..,..,..,..,..,..,..,..,..,..,..
,,Same-day visitors (excursionists),,Thousands,,..,..,..,..,..,..,..,..,..,..,..,..,..,..,..,..,..,..,..,..,..,..,..,..,..,..,..
MAURITIUS,,,,,,,,,,,,,,,,,,,,,,,,,,,,,,,,
,Total_departures,,,Thousands,,..,..,..,..,..,..,..,..,..,..,..,..,..,..,..,..,..,..,..,..,..,..,..,..,..,..,..
,,Overnights visitors (tourists),,Thousands,,107,120,132,143,154,163,161,162,161,180,183,186,213,226,196,212,219,237,228,223,242,260,283,296,320,65,42
,,Same-day visitors (excursionists),,Thousands,,..,..,..,..,..,..,..,..,..,..,..,..,..,..,..,..,..,..,..,..,..,..,..,..,..,..,..
MEXICO,,,,,,,,,,,,,,,,,,,,,,,,,,,,,,,,
,Total_departures,,,Thousands,,103161,103442,107242,107927,117383,127268,123732,124633,123015,128903,128392,122022,109540,107519,98228,91658,88113,87332,90787,90982,94988,97372,94274,86280,82752,36056,..
,,Overnights visitors (tourists),,Thousands,,8450,9001,8910,9637,10352,11079,12075,11948,11044,12494,13305,14002,15257,14527,14104,14334,14799,15581,15911,18261,19603,20223,19067,19748,19810,7345,..
,,Same-day visitors (excursionists),,Thousands,,94710,94441,98332,98290,107031,116189,111657,112685,111971,116409,115087,108020,94283,92992,84124,77323,73314,71913,74876,72721,75385,77149,75208,66531,62942,28711,..
"MICRONESIA, FEDERATED STATES OF",,,,,,,,,,,,,,,,,,,,,,,,,,,,,,,,
,Total_departures,,,Thousands,,..,..,..,..,..,..,..,..,..,..,..,..,..,..,..,..,..,..,..,..,..,..,..,..,..,..,..
,,Overnights visitors (tourists),,Thousands,,..,..,..,..,..,..,..,..,..,..,..,..,..,..,..,..,..,..,..,..,..,..,..,..,..,..,..
,,Same-day visitors (excursionists),,Thousands,,..,..,..,..,..,..,..,..,..,..,..,..,..,..,..,..,..,..,..,..,..,..,..,..,..,..,..
"MOLDOVA, REPUBLIC OF",,,,,,,,,,,,,,,,,,,,,,,,,,,,,,,,
,Total_departures,,,Thousands,,..,..,..,..,..,..,..,..,..,..,..,..,..,..,93,117,136,147,158,181,190,177,229,264,311,75,218
,,Overnights visitors (tourists),,Thousands,,71,54,35,28,37,32,30,52,67,68,57,68,82,85,93,117,136,146,157,180,186,170,216,251,289,73,217
,,Same-day visitors (excursionists),,Thousands,,..,..,..,..,..,..,..,..,..,..,..,..,..,..,"0,3","0,3","0,2","0,4","0,3",1,4,7,13,13,21,2,1
MONACO,,,,,,,,,,,,,,,,,,,,,,,,,,,,,,,,
,Total_departures,,,Thousands,,..,..,..,..,..,..,..,..,..,..,..,..,..,..,..,..,..,..,..,..,..,..,..,..,..,..,..
,,Overnights visitors (tourists),,Thousands,,..,..,..,..,..,..,..,..,..,..,..,..,..,..,..,..,..,..,..,..,..,..,..,..,..,..,..
,,Same-day visitors (excursionists),,Thousands,,..,..,..,..,..,..,..,..,..,..,..,..,..,..,..,..,..,..,..,..,..,..,..,..,..,..,..
MONGOLIA,,,,,,,,,,,,,,,,,,,,,,,,,,,,,,,,
,Total_departures,,,Thousands,,..,..,..,..,..,..,..,..,..,..,..,..,..,..,..,..,..,..,..,..,..,..,..,..,..,..,..
,,Overnights visitors (tourists),,Thousands,,..,..,..,..,..,..,..,..,..,..,..,..,..,..,..,..,..,..,..,..,..,..,..,..,..,..,..
,,Same-day visitors (excursionists),,Thousands,,..,..,..,..,..,..,..,..,..,..,..,..,..,..,..,..,..,..,..,..,..,..,..,..,..,..,..
MONTENEGRO,,,,,,,,,,,,,,,,,,,,,,,,,,,,,,,,
,Total_departures,,,Thousands,,..,..,..,..,..,..,..,..,..,..,..,..,..,..,..,..,..,..,..,..,..,..,..,..,..,..,..
,,Overnights visitors (tourists),,Thousands,,..,..,..,..,..,..,..,..,..,..,..,..,..,..,..,..,..,..,..,..,..,..,..,..,..,..,..
,,Same-day visitors (excursionists),,Thousands,,..,..,..,..,..,..,..,..,..,..,..,..,..,..,..,..,..,..,..,..,..,..,..,..,..,..,..
MONTSERRAT,,,,,,,,,,,,,,,,,,,,,,,,,,,,,,,,
,Total_departures,,,Thousands,,..,..,..,..,..,..,..,..,..,..,..,..,..,..,..,..,..,..,..,..,..,..,..,..,..,..,..
,,Overnights visitors (tourists),,Thousands,,..,..,..,..,..,..,..,..,..,..,..,..,..,..,..,..,..,..,..,..,..,..,..,..,..,..,..
,,Same-day visitors (excursionists),,Thousands,,..,..,..,..,..,..,..,..,..,..,..,..,..,..,..,..,..,..,..,..,..,..,..,..,..,..,..
MOROCCO,,,,,,,,,,,,,,,,,,,,,,,,,,,,,,,,
,Total_departures,,,Thousands,,..,..,..,..,..,..,..,..,..,..,..,..,..,..,..,..,..,..,..,..,..,..,..,..,..,..,..
,,Overnights visitors (tourists),,Thousands,,1317,1212,1203,1275,1545,1508,1701,1533,1612,1603,2247,2135,2669,3421,2293,2175,2378,2323,2195,1850,1910,1864,1849,1923,2009,646,..
,,Same-day visitors (excursionists),,Thousands,,..,..,..,..,..,..,..,..,..,..,..,..,..,..,..,..,..,..,..,..,..,..,..,..,..,..,..
MOZAMBIQUE,,,,,,,,,,,,,,,,,,,,,,,,,,,,,,,,
,Total_departures,,,Thousands,,..,..,..,..,..,..,..,..,..,..,..,..,..,..,..,..,..,..,..,..,..,..,..,..,..,..,..
,,Overnights visitors (tourists),,Thousands,,..,..,..,..,..,..,..,..,..,..,..,..,..,..,..,..,..,..,..,..,..,..,..,..,..,..,..
,,Same-day visitors (excursionists),,Thousands,,..,..,..,..,..,..,..,..,..,..,..,..,..,..,..,..,..,..,..,..,..,..,..,..,..,..,..
MYANMAR,,,,,,,,,,,,,,,,,,,,,,,,,,,,,,,,
,Total_departures,,,Thousands,,..,..,..,..,..,..,..,..,..,..,..,..,..,..,..,..,..,..,..,..,..,..,..,..,..,..,..
,,Overnights visitors (tourists),,Thousands,,..,..,..,..,..,..,..,..,..,..,..,..,..,..,..,..,..,..,..,..,..,..,..,..,..,..,..
,,Same-day visitors (excursionists),,Thousands,,..,..,..,..,..,..,..,..,..,..,..,..,..,..,..,..,..,..,..,..,..,..,..,..,..,..,..
NAMIBIA,,,,,,,,,,,,,,,,,,,,,,,,,,,,,,,,
,Total_departures,,,Thousands,,..,..,..,..,..,..,..,..,..,..,..,..,..,..,..,..,..,..,..,..,..,..,..,..,..,..,..
,,Overnights visitors (tourists),,Thousands,,..,..,..,..,..,..,..,..,..,..,..,..,..,..,..,..,..,..,..,..,..,..,..,..,..,..,..
,,Same-day visitors (excursionists),,Thousands,,..,..,..,..,..,..,..,..,..,..,..,..,..,..,..,..,..,..,..,..,..,..,..,..,..,..,..
NAURU,,,,,,,,,,,,,,,,,,,,,,,,,,,,,,,,
,Total_departures,,,Thousands,,..,..,..,..,..,..,..,..,..,..,..,..,..,..,..,..,..,..,..,..,..,..,..,..,..,..,..
,,Overnights visitors (tourists),,Thousands,,..,..,..,..,..,..,..,..,..,..,..,..,..,..,..,..,..,..,..,..,..,..,..,..,..,..,..
,,Same-day visitors (excursionists),,Thousands,,..,..,..,..,..,..,..,..,..,..,..,..,..,..,..,..,..,..,..,..,..,..,..,..,..,..,..
NEPAL,,,,,,,,,,,,,,,,,,,,,,,,,,,,,,,,
,Total_departures,,,Thousands,,..,..,..,..,..,..,..,..,..,..,..,..,..,..,..,..,..,..,..,..,..,..,..,..,..,..,..
,,Overnights visitors (tourists),,Thousands,,100,119,132,122,125,155,200,238,258,286,373,415,469,561,589,765,774,862,983,..,..,..,1197,..,..,..,..
,,Same-day visitors (excursionists),,Thousands,,..,..,..,..,..,..,..,..,..,..,..,..,..,..,..,..,..,..,..,..,..,..,..,..,..,..,..
NETHERLANDS,,,,,,,,,,,,,,,,,,,,,,,,,,,,,,,,
,Total_departures,,,Thousands,,..,..,..,..,..,..,..,..,..,..,..,..,..,..,..,..,..,..,..,..,..,..,..,..,..,..,..
,,Overnights visitors (tourists),,Thousands,1/,12313,12807,12858,13553,14184,13896,14214,16719,16425,17130,17039,16695,17523,18399,18340,18368,18560,18628,18094,17928,17535,18152,20763,20981,22045,..,..
,,Same-day visitors (excursionists),,Thousands,,..,..,..,..,..,..,..,..,..,..,..,..,..,..,..,..,..,..,..,..,..,..,..,..,..,..,..
NEW CALEDONIA,,,,,,,,,,,,,,,,,,,,,,,,,,,,,,,,
,Total_departures,,,Thousands,,..,..,..,..,..,..,..,..,..,..,..,..,..,..,..,..,..,..,..,..,..,..,..,..,..,..,..
,,Overnights visitors (tourists),,Thousands,1/,59,64,63,68,69,69,68,72,78,89,96,100,106,112,119,132,124,121,121,124,127,134,135,139,144,116,20
,,Same-day visitors (excursionists),,Thousands,,..,..,..,..,..,..,..,..,..,..,..,..,..,..,..,..,..,..,..,..,..,..,..,..,..,..,..
NEW ZEALAND,,,,,,,,,,,,,,,,,,,,,,,,,,,,,,,,
,Total_departures,,,Thousands,,..,..,..,..,..,..,..,..,..,..,..,..,..,..,..,..,..,..,..,..,..,..,..,..,..,..,..
,,Overnights visitors (tourists),,Thousands,1/,920,1093,1132,1166,1185,1283,1287,1293,1374,1733,1872,1861,1978,1967,1918,2026,2096,2172,2197,2276,2412,2611,2853,3038,3225,511,234
,,Same-day visitors (excursionists),,Thousands,,..,..,..,..,..,..,..,..,..,..,..,..,..,..,..,..,..,..,..,..,..,..,..,..,..,..,..
NICARAGUA,,,,,,,,,,,,,,,,,,,,,,,,,,,,,,,,
,Total_departures,,,Thousands,,..,..,..,..,..,..,..,..,..,..,..,..,..,..,..,..,..,..,..,..,..,..,..,..,..,..,..
,,Overnights visitors (tourists),,Thousands,,255,282,330,422,452,486,499,532,562,701,740,773,949,942,858,908,912,979,994,959,925,981,982,974,949,325,372
,,Same-day visitors (excursionists),,Thousands,,..,..,..,..,..,..,..,..,..,..,..,..,..,..,..,..,..,..,..,..,..,..,..,..,..,..,..
NIGER,,,,,,,,,,,,,,,,,,,,,,,,,,,,,,,,
,Total_departures,,,Thousands,,..,..,..,..,..,..,..,..,..,..,..,..,..,..,..,..,..,..,..,..,..,..,..,..,..,..,..
,,Overnights visitors (tourists),,Thousands,,10,10,10,10,..,..,..,..,..,..,..,..,..,..,..,..,..,..,..,..,..,..,..,..,..,..,..
,,Same-day visitors (excursionists),,Thousands,,..,..,..,..,..,..,..,..,..,..,..,..,..,..,..,..,..,..,..,..,..,..,..,..,..,..,..
NIGERIA,,,,,,,,,,,,,,,,,,,,,,,,,,,,,,,,
,Total_departures,,,Thousands,,..,..,..,..,..,..,..,..,..,..,..,..,..,..,..,..,..,..,..,..,..,..,..,..,..,..,..
,,Overnights visitors (tourists),,Thousands,,..,..,..,..,..,..,..,..,..,..,..,..,..,..,..,..,..,..,..,..,..,..,..,..,..,..,..
,,Same-day visitors (excursionists),,Thousands,,..,..,..,..,..,..,..,..,..,..,..,..,..,..,..,..,..,..,..,..,..,..,..,..,..,..,..
NIUE,,,,,,,,,,,,,,,,,,,,,,,,,,,,,,,,
,Total_departures,,,Thousands,,..,..,..,..,..,..,..,..,..,..,..,..,..,..,..,..,..,..,..,..,..,..,..,..,..,..,..
,,Overnights visitors (tourists),,Thousands,,..,..,..,..,"0,5",1,"1,2","1,1","1,4","1,5","1,6","1,6","1,8","1,8","1,7","1,6",..,..,..,..,..,..,..,..,..,..,..
,,Same-day visitors (excursionists),,Thousands,,..,..,..,..,..,..,..,..,..,..,..,..,..,..,..,..,..,..,..,..,..,..,..,..,..,..,..
NORTH MACEDONIA,,,,,,,,,,,,,,,,,,,,,,,,,,,,,,,,
,Total_departures,,,Thousands,,..,..,..,..,..,..,..,..,..,..,..,..,..,..,..,..,..,..,..,..,..,..,..,..,..,..,..
,,Overnights visitors (tourists),,Thousands,,..,..,..,..,..,..,..,..,..,..,..,..,..,..,..,..,..,..,..,..,..,..,..,..,..,..,..
,,Same-day visitors (excursionists),,Thousands,,..,..,..,..,..,..,..,..,..,..,..,..,..,..,..,..,..,..,..,..,..,..,..,..,..,..,..
NORTHERN MARIANA ISLANDS,,,,,,,,,,,,,,,,,,,,,,,,,,,,,,,,
,Total_departures,,,Thousands,,..,..,..,..,..,..,..,..,..,..,..,..,..,..,..,..,..,..,..,..,..,..,..,..,..,..,..
,,Overnights visitors (tourists),,Thousands,,..,..,..,..,..,..,..,..,..,..,..,..,..,..,..,..,..,..,..,..,..,..,..,..,..,..,..
,,Same-day visitors (excursionists),,Thousands,,..,..,..,..,..,..,..,..,..,..,..,..,..,..,..,..,..,..,..,..,..,..,..,..,..,..,..
NORWAY,,,,,,,,,,,,,,,,,,,,,,,,,,,,,,,,
,Total_departures,,,Thousands,,..,..,..,..,..,..,..,..,..,..,..,..,..,..,..,..,..,..,..,..,..,..,..,..,..,..,..
,,Overnights visitors (tourists),,Thousands,1/,590,692,753,..,2271,2394,2348,2629,2588,2960,3166,3236,3395,..,6640,7590,8130,9250,9280,9190,8750,8030,8170,8110,8890,1690,..
,,Same-day visitors (excursionists),,Thousands,,..,..,..,..,..,..,..,..,..,..,..,..,..,..,..,..,..,..,..,..,..,..,..,..,..,..,..
OMAN,,,,,,,,,,,,,,,,,,,,,,,,,,,,,,,,
,Total_departures,,,Thousands,,..,..,..,..,..,..,..,..,..,..,2496,2664,2945,3100,2470,2829,3341,3972,4301,4727,5424,5902,6368,5975,6633,1657,..
,,Overnights visitors (tourists),,Thousands,,..,..,..,..,..,..,..,..,..,..,2018,2248,2263,2062,1645,1873,2446,2888,3103,3358,3838,4167,4473,3350,4224,1098,..
,,Same-day visitors (excursionists),,Thousands,,..,..,..,..,..,..,..,..,..,..,478,416,682,1038,825,956,895,1084,1198,1369,1586,1735,1895,2625,2409,559,..
PAKISTAN,,,,,,,,,,,,,,,,,,,,,,,,,,,,,,,,
,Total_departures,,,Thousands,,..,..,..,..,..,..,..,..,..,..,..,..,..,..,..,..,..,..,..,..,..,..,..,..,..,..,..
,,Overnights visitors (tourists),,Thousands,,..,..,..,..,..,..,..,..,..,..,..,..,..,..,..,..,..,..,..,..,..,..,..,..,..,..,..
,,Same-day visitors (excursionists),,Thousands,,..,..,..,..,..,..,..,..,..,..,..,..,..,..,..,..,..,..,..,..,..,..,..,..,..,..,..
PALAU,,,,,,,,,,,,,,,,,,,,,,,,,,,,,,,,
,Total_departures,,,Thousands,,..,..,..,..,..,..,..,..,..,..,..,..,..,..,..,..,..,..,..,..,..,..,..,..,..,..,..
,,Overnights visitors (tourists),,Thousands,,..,..,..,9,..,..,..,..,..,..,..,..,..,..,..,..,..,..,..,..,..,..,..,..,..,..,..
,,Same-day visitors (excursionists),,Thousands,,..,..,..,..,..,..,..,..,..,..,..,..,..,..,..,..,..,..,..,..,..,..,..,..,..,..,..
PANAMA,,,,,,,,,,,,,,,,,,,,,,,,,,,,,,,,
,Total_departures,,,Thousands,,..,..,..,..,..,..,..,..,..,..,..,..,..,..,..,..,..,..,..,..,..,..,..,..,..,..,..
,,Overnights visitors (tourists),,Thousands,,185,188,194,211,221,216,200,200,227,256,285,284,314,369,336,392,414,447,619,853,965,1051,869,1020,1226,401,..
,,Same-day visitors (excursionists),,Thousands,,..,..,..,..,..,..,..,..,..,..,..,..,..,..,..,..,..,..,..,..,..,..,..,..,..,..,..
PAPUA NEW GUINEA,,,,,,,,,,,,,,,,,,,,,,,,,,,,,,,,
,Total_departures,,,Thousands,,..,..,..,..,..,..,..,..,..,..,..,..,..,..,..,..,..,..,..,..,..,..,..,..,..,..,..
,,Overnights visitors (tourists),,Thousands,,51,..,64,65,58,52,38,92,..,..,..,..,..,..,..,..,..,..,..,..,..,..,..,..,..,..,..
,,Same-day visitors (excursionists),,Thousands,,..,..,..,..,..,..,..,..,..,..,..,..,..,..,..,..,..,..,..,..,..,..,..,..,..,..,..
PARAGUAY,,,,,,,,,,,,,,,,,,,,,,,,,,,,,,,,
,Total_departures,,,Thousands,,..,..,..,..,..,..,..,..,..,..,..,1530,1654,1817,1765,2074,2475,3059,4037,4300,5269,5866,6198,4268,4344,..,..
,,Overnights visitors (tourists),,Thousands,1/,427,418,369,318,281,175,157,141,153,170,188,210,242,278,288,302,347,400,440,426,1008,1503,1548,1266,1192,214,..
,,Same-day visitors (excursionists),,Thousands,,..,..,..,..,..,..,..,..,..,..,..,1320,1412,1539,1478,1773,2128,2660,3597,3874,4261,4363,4650,3002,3152,..,..
PERU,,,,,,,,,,,,,,,,,,,,,,,,,,,,,,,,
,Total_departures,,,Thousands,,..,..,..,..,..,..,..,..,..,..,..,..,..,..,..,..,..,..,..,..,..,..,..,..,..,..,..
,,Overnights visitors (tourists),,Thousands,,508,510,577,538,513,730,1060,1232,1433,1635,1841,1857,1915,1913,1891,2058,2132,2296,2364,2442,2595,2751,2875,3078,3275,791,617
,,Same-day visitors (excursionists),,Thousands,,..,..,..,..,..,..,..,..,..,..,..,..,..,..,..,..,..,..,..,..,..,..,..,..,..,..,..
PHILIPPINES,,,,,,,,,,,,,,,,,,,,,,,,,,,,,,,,
,Total_departures,,,Thousands,,..,..,..,..,..,..,..,..,..,..,..,..,..,..,..,..,..,..,..,..,..,..,..,..,..,..,..
,,Overnights visitors (tourists),,Thousands,,1615,2121,1930,1817,1755,1670,1787,1969,1803,1920,2144,2745,3066,3355,3188,..,..,..,..,3488,5115,5703,..,..,..,..,..
,,Same-day visitors (excursionists),,Thousands,,..,..,..,..,..,..,..,..,..,..,..,..,..,..,..,..,..,..,..,..,..,..,..,..,..,..,..
POLAND,,,,,,,,,,,,,,,,,,,,,,,,,,,,,,,,
,Total_departures,,,Thousands,,36387,44713,48610,49328,55097,56677,53122,45043,38730,37226,40841,44696,47561,50243,39270,42760,43270,48290,52580,35400,44300,44500,46700,48600,50600,26906,..
,,Overnights visitors (tourists),,Thousands,,..,..,..,..,..,..,..,..,..,..,6200,7300,6900,7600,6300,7100,6300,9300,10050,10300,10900,11300,12000,12800,13500,6200,..
,,Same-day visitors (excursionists),,Thousands,,..,..,..,..,..,..,..,..,..,..,34641,37396,40661,42643,32970,35660,36970,38990,42530,25100,33400,33200,34700,35800,37100,20706,..
PORTUGAL,,,,,,,,,,,,,,,,,,,,,,,,,,,,,,,,
,Total_departures,,,Thousands,,..,..,..,..,..,..,..,..,..,17141,18110,18378,20989,..,..,..,..,..,..,..,..,..,..,..,..,..,..
,,Overnights visitors (tourists),,Thousands,1/,..,..,..,..,..,..,..,..,..,..,..,..,..,..,..,..,..,1361,1490,1502,1893,1941,2195,2486,3100,680,1012
,,Same-day visitors (excursionists),,Thousands,,..,..,..,..,..,..,..,..,..,..,..,..,..,..,..,..,..,..,..,..,..,..,..,..,..,..,..
PUERTO RICO,,,,,,,,,,,,,,,,,,,,,,,,,,,,,,,,
,Total_departures,,,Thousands,,..,..,..,..,..,..,..,..,..,..,..,..,..,..,..,..,..,..,..,..,..,..,..,..,..,..,..
,,Overnights visitors (tourists),,Thousands,1/,1237,1184,1251,1250,1134,1259,1331,1227,1272,1361,1410,1468,1441,1438,1116,980,924,876,839,793,746,789,792,..,..,..,..
,,Same-day visitors (excursionists),,Thousands,,..,..,..,..,..,..,..,..,..,..,..,..,..,..,..,..,..,..,..,..,..,..,..,..,..,..,..
QATAR,,,,,,,,,,,,,,,,,,,,,,,,,,,,,,,,
,Total_departures,,,Thousands,,..,..,..,..,..,..,..,..,..,..,..,..,..,..,..,..,..,..,..,..,..,..,..,..,..,..,..
,,Overnights visitors (tourists),,Thousands,,..,..,..,..,..,..,..,..,..,..,..,..,..,..,..,..,..,..,..,..,..,..,..,..,..,..,..
,,Same-day visitors (excursionists),,Thousands,,..,..,..,..,..,..,..,..,..,..,..,..,..,..,..,..,..,..,..,..,..,..,..,..,..,..,..
REUNION,,,,,,,,,,,,,,,,,,,,,,,,,,,,,,,,
,Total_departures,,,Thousands,,..,..,..,..,..,..,..,..,..,..,..,..,..,..,..,..,..,..,..,..,..,..,..,..,..,..,..
,,Overnights visitors (tourists),,Thousands,,..,..,..,..,..,..,..,..,..,..,..,..,..,..,..,..,..,..,..,..,..,..,..,..,..,..,..
,,Same-day visitors (excursionists),,Thousands,,..,..,..,..,..,..,..,..,..,..,..,..,..,..,..,..,..,..,..,..,..,..,..,..,..,..,..
ROMANIA,,,,,,,,,,,,,,,,,,,,,,,,,,,,,,,,
,Total_departures,,,Thousands,1/,5737,5748,6243,6893,6274,6388,6408,5757,6497,6972,7140,8906,10980,13072,11723,10905,10936,11149,11364,12299,13118,16128,19953,21039,23066,9510,11643
,,Overnights visitors (tourists),,Thousands,,..,..,..,..,..,..,..,..,..,..,..,..,..,..,..,..,..,..,..,..,..,..,..,..,..,..,..
,,Same-day visitors (excursionists),,Thousands,,..,..,..,..,..,..,..,..,..,..,..,..,..,..,..,..,..,..,..,..,..,..,..,..,..,..,..
RUSSIAN FEDERATION,,,,,,,,,,,,,,,,,,,,,,,,,,,,,,,,
,Total_departures,,,Thousands,,21329,12260,11182,10635,12631,18371,18030,20428,20572,24507,28416,29107,34285,36538,34276,39323,43726,47813,54069,45889,34550,31659,39629,41964,45330,12361,..
,,Overnights visitors (tourists),,Thousands,,..,..,..,..,..,..,..,..,..,..,..,..,..,..,..,..,..,..,..,..,..,..,..,..,..,..,..
,,Same-day visitors (excursionists),,Thousands,,..,..,..,..,..,..,..,..,..,..,..,..,..,..,..,..,..,..,..,..,..,..,..,..,..,..,..
RWANDA,,,,,,,,,,,,,,,,,,,,,,,,,,,,,,,,
,Total_departures,,,Thousands,,..,..,..,..,..,..,..,..,..,..,..,..,..,..,..,..,..,..,..,..,..,..,..,..,..,..,..
,,Overnights visitors (tourists),,Thousands,,..,..,..,..,..,..,..,..,..,..,..,..,..,..,..,..,..,..,..,..,..,..,..,..,..,..,..
,,Same-day visitors (excursionists),,Thousands,,..,..,..,..,..,..,..,..,..,..,..,..,..,..,..,..,..,..,..,..,..,..,..,..,..,..,..
SABA,,,,,,,,,,,,,,,,,,,,,,,,,,,,,,,,
,Total_departures,,,Thousands,,..,..,..,..,..,..,..,..,..,..,..,..,..,..,..,..,..,..,..,..,..,..,..,..,..,..,..
,,Overnights visitors (tourists),,Thousands,,..,..,..,..,..,..,..,..,..,..,..,..,..,..,..,..,..,..,..,..,..,..,..,..,..,..,..
,,Same-day visitors (excursionists),,Thousands,,..,..,..,..,..,..,..,..,..,..,..,..,..,..,..,..,..,..,..,..,..,..,..,..,..,..,..
SAINT KITTS AND NEVIS,,,,,,,,,,,,,,,,,,,,,,,,,,,,,,,,
,Total_departures,,,Thousands,,..,..,..,..,..,..,..,..,..,..,..,..,..,..,..,..,..,..,..,..,..,..,..,..,..,..,..
,,Overnights visitors (tourists),,Thousands,,..,..,..,..,..,..,..,..,..,..,..,..,..,..,..,..,..,..,..,..,..,..,..,..,..,..,..
,,Same-day visitors (excursionists),,Thousands,,..,..,..,..,..,..,..,..,..,..,..,..,..,..,..,..,..,..,..,..,..,..,..,..,..,..,..
SAINT LUCIA,,,,,,,,,,,,,,,,,,,,,,,,,,,,,,,,
,Total_departures,,,Thousands,,..,..,..,..,..,..,..,..,..,..,..,..,..,..,..,..,..,..,..,..,..,..,..,..,..,..,..
,,Overnights visitors (tourists),,Thousands,,..,..,..,..,..,..,..,..,..,..,..,..,..,..,..,..,..,..,..,..,..,..,..,..,..,..,..
,,Same-day visitors (excursionists),,Thousands,,..,..,..,..,..,..,..,..,..,..,..,..,..,..,..,..,..,..,..,..,..,..,..,..,..,..,..
SAINT VINCENT AND THE GRENADINES,,,,,,,,,,,,,,,,,,,,,,,,,,,,,,,,
,Total_departures,,,Thousands,,..,..,..,..,..,..,..,..,..,..,..,..,..,..,..,..,..,..,..,..,..,..,..,..,..,..,..
,,Overnights visitors (tourists),,Thousands,,..,..,..,..,..,..,..,..,..,..,..,..,..,..,..,..,..,..,..,..,..,..,..,..,..,..,..
,,Same-day visitors (excursionists),,Thousands,,..,..,..,..,..,..,..,..,..,..,..,..,..,..,..,..,..,..,..,..,..,..,..,..,..,..,..
SAMOA,,,,,,,,,,,,,,,,,,,,,,,,,,,,,,,,
,Total_departures,,,Thousands,,..,..,..,..,..,..,..,..,..,..,..,..,..,..,..,..,..,..,..,..,..,..,..,..,..,..,..
,,Overnights visitors (tourists),,Thousands,1/,..,..,..,..,58,61,56,53,51,54,52,51,52,53,43,56,57,56,51,57,54,..,55,64,69,19,5
,,Same-day visitors (excursionists),,Thousands,,..,..,..,..,..,..,..,..,..,..,..,..,..,..,..,..,..,..,..,..,..,..,..,..,..,..,..
SAN MARINO,,,,,,,,,,,,,,,,,,,,,,,,,,,,,,,,
,Total_departures,,,Thousands,,..,..,..,..,..,..,..,..,..,..,..,..,..,..,..,..,..,..,..,..,..,..,..,..,..,..,..
,,Overnights visitors (tourists),,Thousands,,..,..,..,..,..,..,..,..,..,..,..,..,..,..,..,..,..,..,..,..,..,..,..,..,..,..,..
,,Same-day visitors (excursionists),,Thousands,,..,..,..,..,..,..,..,..,..,..,..,..,..,..,..,..,..,..,..,..,..,..,..,..,..,..,..
SAO TOME AND PRINCIPE,,,,,,,,,,,,,,,,,,,,,,,,,,,,,,,,
,Total_departures,,,Thousands,,..,..,..,..,..,..,..,..,..,..,..,..,..,..,..,..,..,..,..,..,..,..,..,..,..,..,..
,,Overnights visitors (tourists),,Thousands,,..,..,..,..,..,..,..,..,..,..,..,..,"8,6","10,3",..,..,..,..,..,..,..,..,..,..,..,..,..
,,Same-day visitors (excursionists),,Thousands,,..,..,..,..,..,..,..,..,..,..,..,..,..,..,..,..,..,..,..,..,..,..,..,..,..,..,..
SAUDI ARABIA,,,,,,,,,,,,,,,,,,,,,,,,,,,,,,,,
,Total_departures,,,Thousands,,..,..,..,..,..,..,..,..,..,4234,5009,2336,4817,4705,6467,18625,15865,20084,22535,22323,25054,27618,28748,27425,27196,6657,..
,,Overnights visitors (tourists),,Thousands,,..,..,..,..,..,..,..,7896,4104,3811,4403,2000,4126,4087,6032,17827,15281,18671,19154,19824,20819,21207,21146,19751,19010,4839,..
,,Same-day visitors (excursionists),,Thousands,,..,..,..,..,..,..,..,..,..,423,606,335,691,618,435,798,584,1414,3381,2498,4235,6411,7602,7674,8186,1819,..
SENEGAL,,,,,,,,,,,,,,,,,,,,,,,,,,,,,,,,
,Total_departures,,,Thousands,,..,..,..,..,..,..,..,..,..,..,..,..,..,..,..,..,..,..,..,..,..,..,..,..,..,..,..
,,Overnights visitors (tourists),,Thousands,,..,..,..,..,..,..,..,..,..,..,..,..,..,..,..,..,..,..,..,..,..,..,..,..,..,..,..
,,Same-day visitors (excursionists),,Thousands,,..,..,..,..,..,..,..,..,..,..,..,..,..,..,..,..,..,..,..,..,..,..,..,..,..,..,..
SERBIA,,,,,,,,,,,,,,,,,,,,,,,,,,,,,,,,
,Total_departures,,,Thousands,,..,..,..,..,..,..,..,..,..,..,..,..,..,..,..,..,..,..,..,..,..,..,..,..,..,..,..
,,Overnights visitors (tourists),,Thousands,,..,..,..,..,..,..,..,..,..,..,..,..,..,..,..,..,..,..,..,..,..,..,..,..,..,..,..
,,Same-day visitors (excursionists),,Thousands,,..,..,..,..,..,..,..,..,..,..,..,..,..,..,..,..,..,..,..,..,..,..,..,..,..,..,..
SERBIA AND MONTENEGRO,,,,,,,,,,,,,,,,,,,,,,,,,,,,,,,,
,Total_departures,,,Thousands,,..,..,..,..,..,..,..,..,..,..,..,..,..,..,..,..,..,..,..,..,..,..,..,..,..,..,..
,,Overnights visitors (tourists),,Thousands,,..,..,..,..,..,..,..,..,..,..,..,..,..,..,..,..,..,..,..,..,..,..,..,..,..,..,..
,,Same-day visitors (excursionists),,Thousands,,..,..,..,..,..,..,..,..,..,..,..,..,..,..,..,..,..,..,..,..,..,..,..,..,..,..,..
SEYCHELLES,,,,,,,,,,,,,,,,,,,,,,,,,,,,,,,,
,Total_departures,,,Thousands,,..,..,..,..,..,..,..,..,..,..,..,..,..,..,..,..,..,..,..,..,..,..,..,..,..,..,..
,,Overnights visitors (tourists),,Thousands,,31,29,30,31,32,36,41,53,50,48,52,55,58,54,49,59,48,45,47,50,56,68,74,72,76,19,27
,,Same-day visitors (excursionists),,Thousands,,..,..,..,..,..,..,..,..,..,..,..,..,..,..,..,..,..,..,..,..,..,..,..,..,..,..,..
SIERRA LEONE,,,,,,,,,,,,,,,,,,,,,,,,,,,,,,,,
,Total_departures,,,Thousands,,..,..,..,..,..,..,..,..,..,..,..,..,..,..,..,..,..,..,..,..,..,..,..,..,..,..,..
,,Overnights visitors (tourists),,Thousands,,..,..,6,7,13,13,20,27,13,28,63,67,71,73,72,76,99,104,111,93,61,92,110,112,122,38,25
,,Same-day visitors (excursionists),,Thousands,,..,..,..,..,..,..,..,..,..,..,..,..,..,..,..,..,..,..,..,..,..,..,..,..,..,..,..
SINGAPORE,,,,,,,,,,,,,,,,,,,,,,,,,,,,,,,,
,Total_departures,,,Thousands,,..,..,..,..,..,..,..,..,..,..,..,..,..,..,..,..,..,..,..,..,..,..,..,..,..,..,..
,,Overnights visitors (tourists),,Thousands,,2867,3305,3671,3745,3971,4444,4363,4399,4221,5165,5159,5533,6024,6828,6961,7342,7753,8048,8647,8903,9125,9474,9889,10378,10711,1543,833
,,Same-day visitors (excursionists),,Thousands,,..,..,..,..,..,..,..,..,..,..,..,..,..,..,..,..,..,..,..,..,..,..,..,..,..,..,..
SINT EUSTATIUS,,,,,,,,,,,,,,,,,,,,,,,,,,,,,,,,
,Total_departures,,,Thousands,,..,..,..,..,..,..,..,..,..,..,..,..,..,..,..,..,..,..,..,..,..,..,..,..,..,..,..
,,Overnights visitors (tourists),,Thousands,,..,..,..,..,..,..,..,..,..,..,..,..,..,..,..,..,..,..,..,..,..,..,..,..,..,..,..
,,Same-day visitors (excursionists),,Thousands,,..,..,..,..,..,..,..,..,..,..,..,..,..,..,..,..,..,..,..,..,..,..,..,..,..,..,..
SINT MAARTEN (DUTCH PART),,,,,,,,,,,,,,,,,,,,,,,,,,,,,,,,
,Total_departures,,,Thousands,,..,..,..,..,..,..,..,..,..,..,..,..,..,..,..,..,..,..,..,..,..,..,..,..,..,..,..
,,Overnights visitors (tourists),,Thousands,,..,..,..,..,..,..,..,..,..,..,..,..,..,..,..,..,..,..,..,..,..,..,..,..,..,..,..
,,Same-day visitors (excursionists),,Thousands,,..,..,..,..,..,..,..,..,..,..,..,..,..,..,..,..,..,..,..,..,..,..,..,..,..,..,..
SLOVAKIA,,,,,,,,,,,,,,,,,,,,,,,,,,,,,,,,
,Total_departures,,,Thousands,,..,..,..,..,..,..,..,..,..,..,2987,3149,3603,3683,3230,2692,3285,2689,2129,2406,2777,3095,3870,4662,5214,1044,..
,,Overnights visitors (tourists),,Thousands,,..,..,..,..,..,..,..,..,..,..,..,..,..,..,..,..,..,..,..,..,..,..,..,..,..,..,..
,,Same-day visitors (excursionists),,Thousands,,..,..,..,..,..,..,..,..,..,..,..,..,..,..,..,..,..,..,..,..,..,..,..,..,..,..,..
SLOVENIA,,,,,,,,,,,,,,,,,,,,,,,,,,,,,,,,
,Total_departures,,,Thousands,,..,..,..,..,..,..,..,..,..,..,6736,6814,5569,5490,5575,5340,5073,4465,4440,4672,4909,5408,5410,5409,6049,1892,3032
,,Overnights visitors (tourists),,Thousands,,..,..,..,..,..,1965,2055,2127,2114,2800,2660,2680,2496,2459,2586,2874,2722,2474,2612,2642,2867,2853,3013,3188,3170,1138,2125
,,Same-day visitors (excursionists),,Thousands,,..,..,..,..,..,..,..,..,..,..,4076,4134,3073,3031,2989,2466,2351,1991,1828,2030,2042,2555,2397,2221,2879,754,907
SOLOMON ISLANDS,,,,,,,,,,,,,,,,,,,,,,,,,,,,,,,,
,Total_departures,,,Thousands,,..,..,..,..,..,..,..,..,..,..,..,..,..,..,..,..,..,..,..,..,..,..,..,..,..,..,..
,,Overnights visitors (tourists),,Thousands,,..,..,..,..,..,..,..,..,..,..,..,..,..,..,..,..,..,..,..,..,..,..,..,..,..,..,..
,,Same-day visitors (excursionists),,Thousands,,..,..,..,..,..,..,..,..,..,..,..,..,..,..,..,..,..,..,..,..,..,..,..,..,..,..,..
SOMALIA,,,,,,,,,,,,,,,,,,,,,,,,,,,,,,,,
,Total_departures,,,Thousands,,..,..,..,..,..,..,..,..,..,..,..,..,..,..,..,..,..,..,..,..,..,..,..,..,..,..,..
,,Overnights visitors (tourists),,Thousands,,..,..,..,..,..,..,..,..,..,..,..,..,..,..,..,..,..,..,..,..,..,..,..,..,..,..,..
,,Same-day visitors (excursionists),,Thousands,,..,..,..,..,..,..,..,..,..,..,..,..,..,..,..,..,..,..,..,..,..,..,..,..,..,..,..
SOUTH AFRICA,,,,,,,,,,,,,,,,,,,,,,,,,,,,,,,,
,Total_departures,,,Thousands,,..,..,..,..,..,..,..,..,..,..,..,..,..,..,..,..,..,..,..,..,..,..,..,..,..,..,..
,,Overnights visitors (tourists),,Thousands,,..,..,..,..,..,..,..,..,..,..,..,..,..,..,..,..,..,..,..,..,..,..,..,..,..,..,..
,,Same-day visitors (excursionists),,Thousands,,..,..,..,..,..,..,..,..,..,..,..,..,..,..,..,..,..,..,..,..,..,..,..,..,..,..,..
SOUTH SUDAN,,,,,,,,,,,,,,,,,,,,,,,,,,,,,,,,
,Total_departures,,,Thousands,,..,..,..,..,..,..,..,..,..,..,..,..,..,..,..,..,..,..,..,..,..,..,..,..,..,..,..
,,Overnights visitors (tourists),,Thousands,,..,..,..,..,..,..,..,..,..,..,..,..,..,..,..,..,..,..,..,..,..,..,..,..,..,..,..
,,Same-day visitors (excursionists),,Thousands,,..,..,..,..,..,..,..,..,..,..,..,..,..,..,..,..,..,..,..,..,..,..,..,..,..,..,..
SPAIN,,,,,,,,,,,,,,,,,,,,,,,,,,,,,,,,
,Total_departures,,,Thousands,,..,..,..,..,..,..,..,..,..,..,..,..,12709,13042,13754,14254,15944,14916,13434,13952,17625,18277,20274,22287,22816,6236,8538
,,Overnights visitors (tourists),,Thousands,,3648,4224,3980,4794,3519,4100,4139,3871,4094,5121,10464,10678,11276,11229,12017,12379,13347,12422,11246,11783,14407,15405,17031,19032,19845,4940,7013
,,Same-day visitors (excursionists),,Thousands,,..,..,..,..,..,..,..,..,..,..,..,..,1433,1813,1737,1875,2597,2494,2188,2169,3218,2872,3243,3255,2971,1296,1525
SRI LANKA,,,,,,,,,,,,,,,,,,,,,,,,,,,,,,,,
,Total_departures,,,Thousands,,..,..,..,..,..,..,..,..,..,..,..,..,..,..,..,..,..,..,..,..,..,..,..,..,..,..,..
,,Overnights visitors (tourists),,Thousands,,504,494,531,518,497,524,505,533,561,680,727,757,862,966,963,1122,1239,1269,1262,1311,1356,1448,1439,1476,1441,305,..
,,Same-day visitors (excursionists),,Thousands,,..,..,..,..,..,..,..,..,..,..,..,..,..,..,..,..,..,..,..,..,..,..,..,..,..,..,..
STATE OF PALESTINE,,,,,,,,,,,,,,,,,,,,,,,,,,,,,,,,
,Total_departures,,,Thousands,,..,..,..,..,..,..,..,..,..,..,..,..,..,..,..,..,..,..,..,..,..,..,..,..,..,..,..
,,Overnights visitors (tourists),,Thousands,,..,..,..,..,..,..,..,..,..,..,..,..,..,..,..,..,..,..,..,..,..,..,..,..,..,..,..
,,Same-day visitors (excursionists),,Thousands,,..,..,..,..,..,..,..,..,..,..,..,..,..,..,..,..,..,..,..,..,..,..,..,..,..,..,..
SUDAN,,,,,,,,,,,,,,,,,,,,,,,,,,,,,,,,
,Total_departures,,,Thousands,,..,..,..,..,..,..,..,..,..,..,..,..,..,..,..,..,..,..,..,..,..,..,..,..,..,..,..
,,Overnights visitors (tourists),,Thousands,,195,..,..,..,..,..,..,..,..,..,..,..,..,..,..,..,..,..,..,..,..,..,..,..,..,..,..
,,Same-day visitors (excursionists),,Thousands,,..,..,..,..,..,..,..,..,..,..,..,..,..,..,..,..,..,..,..,..,..,..,..,..,..,..,..
SURINAME,,,,,,,,,,,,,,,,,,,,,,,,,,,,,,,,
,Total_departures,,,Thousands,,..,..,..,..,..,..,..,..,..,..,..,..,..,..,..,..,..,..,..,..,..,..,..,..,..,..,..
,,Overnights visitors (tourists),,Thousands,,..,..,..,..,..,..,..,..,..,..,..,..,..,..,..,..,..,..,..,..,..,..,..,..,..,..,..
,,Same-day visitors (excursionists),,Thousands,,..,..,..,..,..,..,..,..,..,..,..,..,..,..,..,..,..,..,..,..,..,..,..,..,..,..,..
SWEDEN,,,,,,,,,,,,,,,,,,,,,,,,,,,,,,,,
,Total_departures,,,Thousands,,..,..,..,..,..,..,..,..,..,..,..,..,..,..,..,..,..,..,..,..,..,..,22121,19939,19061,6081,..
,,Overnights visitors (tourists),,Thousands,,10127,10390,10818,11422,10500,10147,10741,12888,12649,13950,15677,12559,12692,13291,11699,13042,14651,15548,15917,..,..,..,20361,18855,18000,4225,..
,,Same-day visitors (excursionists),,Thousands,,..,..,..,..,..,..,..,..,..,..,..,..,..,..,..,..,..,..,..,..,..,..,1760,1084,1061,1856,..
SWITZERLAND,,,,,,,,,,,,,,,,,,,,,,,,,,,,,,,,
,Total_departures,,,Thousands,,..,..,..,..,..,..,..,..,17548,..,..,..,..,17407,16522,15902,18949,20293,20303,19833,22086,21536,22481,24572,19797,7694,..
,,Overnights visitors (tourists),,Thousands,,11148,12061,12515,11891,11815,12240,11554,11427,8774,..,..,..,..,11147,10453,10011,10466,12098,12403,12518,13601,13857,15318,15285,13443,6118,..
,,Same-day visitors (excursionists),,Thousands,,..,..,..,..,..,..,..,..,6202,..,..,..,..,6260,6069,5892,8483,8194,7900,7316,8486,7679,7163,9287,6354,1506,..
SYRIAN ARAB REPUBLIC,,,,,,,,,,,,,,,,,,,,,,,,,,,,,,,,
,Total_departures,,,Thousands,,..,..,..,..,..,..,..,..,..,..,..,..,..,..,..,..,..,..,..,..,..,..,..,..,..,..,..
,,Overnights visitors (tourists),,Thousands,,1746,1871,2299,2411,2994,3863,3492,3299,3997,4309,4564,4042,4196,5253,5215,6259,..,..,..,..,..,..,..,..,..,..,..
,,Same-day visitors (excursionists),,Thousands,,..,..,..,..,..,..,..,..,..,..,..,..,..,..,..,..,..,..,..,..,..,..,..,..,..,..,..
TAIWAN PROVINCE OF CHINA,,,,,,,,,,,,,,,,,,,,,,,,,,,,,,,,
,Total_departures,,,Thousands,,5189,5714,6162,5912,6559,7329,7153,7319,5923,7781,8208,8671,8964,8465,8143,9415,9584,10240,11053,11845,13183,14589,15655,16645,17101,2336,360
,,Overnights visitors (tourists),,Thousands,,..,..,..,..,..,..,..,..,..,..,..,..,..,..,..,..,..,..,..,..,..,..,..,..,..,..,..
,,Same-day visitors (excursionists),,Thousands,,..,..,..,..,..,..,..,..,..,..,..,..,..,..,..,..,..,..,..,..,..,..,..,..,..,..,..
TAJIKISTAN,,,,,,,,,,,,,,,,,,,,,,,,,,,,,,,,
,Total_departures,,,Thousands,,..,..,..,..,..,..,..,..,..,..,..,..,..,..,..,..,..,..,..,..,..,..,..,..,..,..,..
,,Overnights visitors (tourists),,Thousands,,..,..,..,..,"4,1","6,4","2,7",..,..,..,..,..,..,..,..,..,..,15,15,19,16,22,31,31,..,..,..
,,Same-day visitors (excursionists),,Thousands,,..,..,..,..,..,..,..,..,..,..,..,..,..,..,..,..,..,..,..,..,..,..,..,..,..,..,..
"TANZANIA, UNITED REPUBLIC OF",,,,,,,,,,,,,,,,,,,,,,,,,,,,,,,,
,Total_departures,,,Thousands,,..,..,..,..,..,..,..,..,..,..,..,..,..,..,..,..,..,..,..,..,..,..,..,..,..,..,..
,,Overnights visitors (tourists),,Thousands,,157,148,..,..,..,..,..,..,..,..,..,..,..,..,..,..,..,..,..,..,..,..,..,..,..,..,..
,,Same-day visitors (excursionists),,Thousands,,..,..,..,..,..,..,..,..,..,..,..,..,..,..,..,..,..,..,..,..,..,..,..,..,..,..,..
THAILAND,,,,,,,,,,,,,,,,,,,,,,,,,,,,,,,,
,Total_departures,,,Thousands,,..,..,..,..,..,..,..,..,..,..,..,..,..,..,..,..,..,..,..,..,..,..,..,..,..,..,..
,,Overnights visitors (tourists),,Thousands,,1820,1845,1660,1412,1655,1909,2011,2250,2152,2709,3047,3382,4018,3908,4653,5451,5397,5721,5970,6444,6794,8204,8963,9966,10446,..,..
,,Same-day visitors (excursionists),,Thousands,,..,..,..,..,..,..,..,..,..,..,..,..,..,..,..,..,..,..,..,..,..,..,..,..,..,..,..
TIMOR-LESTE,,,,,,,,,,,,,,,,,,,,,,,,,,,,,,,,
,Total_departures,,,Thousands,,..,..,..,..,..,..,..,..,..,..,..,..,..,..,..,..,..,..,..,..,..,..,..,..,..,..,..
,,Overnights visitors (tourists),,Thousands,,..,..,..,..,..,..,..,..,..,..,..,..,..,..,..,..,..,..,..,..,..,..,..,..,..,..,..
,,Same-day visitors (excursionists),,Thousands,,..,..,..,..,..,..,..,..,..,..,..,..,..,..,..,..,..,..,..,..,..,..,..,..,..,..,..
TOGO,,,,,,,,,,,,,,,,,,,,,,,,,,,,,,,,
,Total_departures,,,Thousands,,..,..,..,..,..,..,..,..,..,..,..,..,..,..,..,..,..,..,..,..,..,..,..,..,..,..,..
,,Overnights visitors (tourists),,Thousands,,..,..,..,..,..,..,..,..,..,..,..,..,..,..,..,..,..,..,..,..,..,191,216,236,269,..,..
,,Same-day visitors (excursionists),,Thousands,,..,..,..,..,..,..,..,..,..,..,..,..,..,..,..,..,..,..,..,..,..,..,..,..,..,..,..
TONGA,,,,,,,,,,,,,,,,,,,,,,,,,,,,,,,,
,Total_departures,,,Thousands,,..,..,..,..,..,..,..,..,..,..,..,..,..,..,..,..,..,..,..,..,..,..,..,..,..,..,..
,,Overnights visitors (tourists),,Thousands,,..,..,..,..,..,..,..,..,..,..,..,..,..,..,..,..,..,..,..,..,..,..,..,..,..,..,..
,,Same-day visitors (excursionists),,Thousands,,..,..,..,..,..,..,..,..,..,..,..,..,..,..,..,..,..,..,..,..,..,..,..,..,..,..,..
TRINIDAD AND TOBAGO,,,,,,,,,,,,,,,,,,,,,,,,,,,,,,,,
,Total_departures,,,Thousands,,..,..,..,..,..,..,..,..,..,..,..,..,..,..,..,..,..,..,..,..,..,..,..,..,..,..,..
,,Overnights visitors (tourists),,Thousands,,261,248,..,..,..,..,..,..,..,..,..,..,..,..,270,273,..,..,..,..,..,..,..,..,..,..,..
,,Same-day visitors (excursionists),,Thousands,,..,..,..,..,..,..,..,..,..,..,..,..,..,..,..,..,..,..,..,..,..,..,..,..,..,..,..
TUNISIA,,,,,,,,,,,,,,,,,,,,,,,,,,,,,,,,
,Total_departures,,,Thousands,,..,..,..,..,..,..,..,..,..,..,..,..,..,..,..,..,..,..,..,..,..,..,..,..,..,..,..
,,Overnights visitors (tourists),,Thousands,,1778,1428,1381,1526,1480,1632,1669,1939,2274,2312,2241,2302,2743,3118,2623,2250,2303,2897,2873,2637,..,1830,..,2515,2781,739,1748
,,Same-day visitors (excursionists),,Thousands,,..,..,..,..,..,..,..,..,..,..,..,..,..,..,..,..,..,..,..,..,..,..,..,..,..,..,..
TÜRKIYE,,,,,,,,,,,,,,,,,,,,,,,,,,,,,,,,
,Total_departures,,,Thousands,,..,..,..,..,..,..,..,..,..,..,..,..,..,..,..,..,..,..,..,..,..,..,..,..,..,..,..
,,Overnights visitors (tourists),,Thousands,,3981,4261,4633,4601,4758,5284,4856,5131,5928,7299,8246,8275,4956,4893,5561,6557,6282,5803,7526,7982,8751,7892,8887,8383,9651,2243,2738
,,Same-day visitors (excursionists),,Thousands,,..,..,..,..,..,..,..,..,..,..,..,..,..,..,..,..,..,..,..,..,..,..,..,..,..,..,..
TURKMENISTAN,,,,,,,,,,,,,,,,,,,,,,,,,,,,,,,,
,Total_departures,,,Thousands,,..,..,..,..,..,..,..,..,..,..,..,..,..,..,..,..,..,..,..,..,..,..,..,..,..,..,..
,,Overnights visitors (tourists),,Thousands,,21,29,31,357,..,78,111,79,34,32,33,33,38,..,..,..,..,..,..,..,..,..,..,..,..,..,..
,,Same-day visitors (excursionists),,Thousands,,..,..,..,..,..,..,..,..,..,..,..,..,..,..,..,..,..,..,..,..,..,..,..,..,..,..,..
TURKS AND CAICOS ISLANDS,,,,,,,,,,,,,,,,,,,,,,,,,,,,,,,,
,Total_departures,,,Thousands,,..,..,..,..,..,..,..,..,..,..,..,..,..,..,..,..,..,..,..,..,..,..,..,..,..,..,..
,,Overnights visitors (tourists),,Thousands,,..,..,..,..,..,..,..,..,..,..,..,..,..,..,..,..,..,..,..,..,..,..,..,..,..,..,..
,,Same-day visitors (excursionists),,Thousands,,..,..,..,..,..,..,..,..,..,..,..,..,..,..,..,..,..,..,..,..,..,..,..,..,..,..,..
TUVALU,,,,,,,,,,,,,,,,,,,,,,,,,,,,,,,,
,Total_departures,,,Thousands,,..,..,..,..,..,..,..,..,..,..,..,..,..,..,..,..,..,..,..,..,..,..,..,..,..,..,..
,,Overnights visitors (tourists),,Thousands,,..,..,..,"1,9","2,2","2,9","2,8","2,7","2,6","2,3","2,2",2,"2,4",..,..,..,"2,1",..,..,..,..,..,..,"4,2","4,7","1,5","0,5"
,,Same-day visitors (excursionists),,Thousands,,..,..,..,..,..,..,..,..,..,..,..,..,..,..,..,..,..,..,..,..,..,..,..,..,..,..,..
UGANDA,,,,,,,,,,,,,,,,,,,,,,,,,,,,,,,,
,Total_departures,,,Thousands,,..,..,..,..,..,..,..,..,..,..,..,..,..,..,..,..,..,..,..,..,..,..,..,..,..,..,..
,,Overnights visitors (tourists),,Thousands,,..,..,148,241,327,153,152,184,189,231,189,254,272,337,311,324,367,469,471,511,523,568,563,..,488,197,331
,,Same-day visitors (excursionists),,Thousands,,..,..,..,..,..,..,..,..,..,..,..,..,..,..,..,..,..,..,..,..,..,..,..,..,..,..,..
UKRAINE,,,,,,,,,,,,,,,,,,,,,,,,,,,,,,,,
,Total_departures,,,Thousands,,..,..,..,..,..,..,..,..,..,..,..,..,17866,16100,15961,17741,20335,21755,23988,22637,23336,25226,27067,27977,29346,11251,..
,,Overnights visitors (tourists),,Thousands,,6552,6004,9632,7773,7399,13422,14849,14729,14795,15588,16454,16875,17335,15499,15334,17180,19773,21433,23761,22438,23142,24668,26437,27811,28880,11018,..
,,Same-day visitors (excursionists),,Thousands,,..,..,..,..,..,..,..,..,..,..,..,..,531,601,627,561,562,322,227,199,194,558,630,166,466,233,..
UNITED ARAB EMIRATES,,,,,,,,,,,,,,,,,,,,,,,,,,,,,,,,
,Total_departures,,,Thousands,,..,..,..,..,..,..,..,..,..,..,..,..,..,..,..,..,..,..,..,..,17890,18728,18866,18967,18906,6458,..
,,Overnights visitors (tourists),,Thousands,,..,..,..,..,..,..,..,..,..,..,..,..,..,..,..,..,..,..,..,..,17407,18222,18356,18454,18395,6284,..
,,Same-day visitors (excursionists),,Thousands,,..,..,..,..,..,..,..,..,..,..,..,..,..,..,..,..,..,..,..,..,484,506,510,513,511,175,..
UNITED KINGDOM,,,,,,,,,,,,,,,,,,,,,,,,,,,,,,,,
,Total_departures,,,Thousands,1/,41345,42050,45957,50872,53881,56837,58281,59377,61424,64194,66494,69536,69450,69011,63513,64647,67493,66858,68959,72204,77619,81757,87242,90571,93086,23827,..
,,Overnights visitors (tourists),,Thousands,,..,..,..,..,..,..,..,..,..,..,..,..,..,..,..,..,..,..,..,..,..,..,..,..,..,..,..
,,Same-day visitors (excursionists),,Thousands,,..,..,..,..,..,..,..,..,..,..,..,..,..,..,..,..,..,..,..,..,..,..,..,..,..,..,..
UNITED STATES OF AMERICA,,,,,,,,,,,,,,,,,,,,,,,,,,,,,,,,
,Total_departures,,,Thousands,,74031,76803,78481,82758,84540,87973,84755,80883,75880,79655,79215,148511,140364,136148,129954,121574,114089,116329,118968,121699,130364,141526,148045,158445,170930,60550,..
,,Overnights visitors (tourists),,Thousands,1/,51285,52999,53229,55696,57222,61327,59442,58066,56250,61809,63503,63663,64049,63653,62130,61061,59209,60697,61344,68185,74191,80223,87657,93137,99744,33499,..
,,Same-day visitors (excursionists),,Thousands,2/,22746,23804,25252,27062,27318,26646,25313,22817,19630,17846,15712,84849,76314,72496,67903,60513,54880,55632,57094,53523,56911,61303,60388,65308,71186,27051,..
UNITED STATES VIRGIN ISLANDS,,,,,,,,,,,,,,,,,,,,,,,,,,,,,,,,
,Total_departures,,,Thousands,,..,..,..,..,..,..,..,..,..,..,..,..,..,..,..,..,..,..,..,..,..,..,..,..,..,..,..
,,Overnights visitors (tourists),,Thousands,,..,..,..,..,..,..,..,..,..,..,..,..,..,..,..,..,..,..,..,..,..,..,..,..,..,..,..
,,Same-day visitors (excursionists),,Thousands,,..,..,..,..,..,..,..,..,..,..,..,..,..,..,..,..,..,..,..,..,..,..,..,..,..,..,..
URUGUAY,,,,,,,,,,,,,,,,,,,,,,,,,,,,,,,,
,Total_departures,,,Thousands,,..,..,..,..,..,..,..,..,..,..,..,..,..,..,..,..,..,..,..,..,..,..,..,..,..,..,..
,,Overnights visitors (tourists),,Thousands,,..,..,562,654,778,667,531,530,495,569,658,666,635,734,826,1027,1534,1816,2281,2396,2217,1715,1789,1947,2199,..,..
,,Same-day visitors (excursionists),,Thousands,,..,..,..,..,..,..,..,..,..,..,..,..,..,..,..,..,..,..,..,..,..,..,..,..,..,..,..
UZBEKISTAN,,,,,,,,,,,,,,,,,,,,,,,,,,,,,,,,
,Total_departures,,,Thousands,,..,..,246,247,202,217,183,264,400,455,572,893,1248,1150,1317,1610,..,..,3117,2786,3491,3848,5182,8594,8437,..,..
,,Overnights visitors (tourists),,Thousands,,..,..,..,..,..,..,..,..,..,..,..,..,..,..,..,..,..,..,..,..,..,..,..,..,..,..,..
,,Same-day visitors (excursionists),,Thousands,,..,..,..,..,..,..,..,..,..,..,..,..,..,..,..,..,..,..,..,..,..,..,..,..,..,..,..
VANUATU,,,,,,,,,,,,,,,,,,,,,,,,,,,,,,,,
,Total_departures,,,Thousands,,..,..,..,..,..,..,..,..,..,..,..,..,..,..,..,..,..,..,..,..,..,..,..,..,..,..,..
,,Overnights visitors (tourists),,Thousands,,11,11,11,12,12,12,11,11,12,13,14,15,16,19,20,21,22,23,26,26,27,20,26,28,36,9,..
,,Same-day visitors (excursionists),,Thousands,,..,..,..,..,..,..,..,..,..,..,..,..,..,..,..,..,..,..,..,..,..,..,..,..,..,..,..
"VENEZUELA, BOLIVARIAN REPUBLIC OF",,,,,,,,,,,,,,,,,,,,,,,,,,,,,,,,
,Total_departures,,,Thousands,,..,..,..,..,..,..,..,..,..,..,..,..,..,..,..,..,..,..,..,..,..,..,..,..,..,..,..
,,Overnights visitors (tourists),,Thousands,,534,511,460,752,754,954,933,881,832,816,1067,1095,1410,1745,1651,1477,1719,1734,1931,1589,1539,1530,1079,..,..,..,..
,,Same-day visitors (excursionists),,Thousands,,..,..,..,..,..,..,..,..,..,..,..,..,..,..,..,..,..,..,..,..,..,..,..,..,..,..,..
VIET NAM,,,,,,,,,,,,,,,,,,,,,,,,,,,,,,,,
,Total_departures,,,Thousands,,..,..,..,..,..,..,..,..,..,..,..,..,..,..,..,..,..,..,..,..,..,..,..,..,..,..,..
,,Overnights visitors (tourists),,Thousands,,..,..,..,..,..,..,..,..,..,..,..,..,..,..,..,..,..,..,..,..,..,..,..,..,..,..,..
,,Same-day visitors (excursionists),,Thousands,,..,..,..,..,..,..,..,..,..,..,..,..,..,..,..,..,..,..,..,..,..,..,..,..,..,..,..
YEMEN,,,,,,,,,,,,,,,,,,,,,,,,,,,,,,,,
,Total_departures,,,Thousands,,..,..,..,..,..,..,..,..,..,..,..,..,..,..,..,..,..,..,..,..,..,..,..,..,..,..,..
,,Overnights visitors (tourists),,Thousands,,..,..,..,..,..,..,..,..,..,..,..,..,..,..,..,..,..,..,..,..,..,..,..,..,..,..,..
,,Same-day visitors (excursionists),,Thousands,,..,..,..,..,..,..,..,..,..,..,..,..,..,..,..,..,..,..,..,..,..,..,..,..,..,..,..
ZAMBIA,,,,,,,,,,,,,,,,,,,,,,,,,,,,,,,,
,Total_departures,,,Thousands,,..,..,..,..,..,..,..,..,..,..,..,..,..,..,..,..,..,..,..,..,..,..,..,..,..,..,..
,,Overnights visitors (tourists),,Thousands,,..,..,..,..,..,..,..,..,..,..,..,..,..,..,..,..,..,..,..,..,..,..,..,..,..,..,..
,,Same-day visitors (excursionists),,Thousands,,..,..,..,..,..,..,..,..,..,..,..,..,..,..,..,..,..,..,..,..,..,..,..,..,..,..,..
ZIMBABWE,,,,,,,,,,,,,,,,,,,,,,,,,,,,,,,,
,Total_departures,,,Thousands,,..,..,..,..,..,..,..,..,..,..,..,..,..,..,..,..,..,..,..,..,..,..,..,..,..,..,..
,,Overnights visitors (tourists),,Thousands,1/,256,69,123,213,331,..,..,..,386,498,474,541,547,593,631,650,693,720,2946,3182,3393,3192,2768,2288,3275,..,..
,,Same-day visitors (excursionists),,Thousands,,..,..,..,..,..,..,..,..,..,..,..,..,..,..,..,..,..,..,..,..,..,..,..,..,..,..,..
